/*
Navicat MySQL Data Transfer

Source Server         : mysql8
Source Server Version : 80012
Source Host           : localhost:3306
Source Database       : boot_vue_online_exam

Target Server Type    : MYSQL
Target Server Version : 80012
File Encoding         : 65001

Date: 2020-11-09 21:22:42
*/

SET FOREIGN_KEY_CHECKS=0;

-- ----------------------------
-- Table structure for `act_evt_log`
-- ----------------------------
DROP TABLE IF EXISTS `act_evt_log`;
CREATE TABLE `act_evt_log` (
  `LOG_NR_` bigint(20) NOT NULL AUTO_INCREMENT,
  `TYPE_` varchar(64) COLLATE utf8_bin DEFAULT NULL,
  `PROC_DEF_ID_` varchar(64) COLLATE utf8_bin DEFAULT NULL,
  `PROC_INST_ID_` varchar(64) COLLATE utf8_bin DEFAULT NULL,
  `EXECUTION_ID_` varchar(64) COLLATE utf8_bin DEFAULT NULL,
  `TASK_ID_` varchar(64) COLLATE utf8_bin DEFAULT NULL,
  `TIME_STAMP_` timestamp(3) NOT NULL,
  `USER_ID_` varchar(255) COLLATE utf8_bin DEFAULT NULL,
  `DATA_` longblob,
  `LOCK_OWNER_` varchar(255) COLLATE utf8_bin DEFAULT NULL,
  `LOCK_TIME_` timestamp(3) NULL DEFAULT NULL,
  `IS_PROCESSED_` tinyint(4) DEFAULT '0',
  PRIMARY KEY (`LOG_NR_`)
) ENGINE=InnoDB DEFAULT CHARSET=utf8 COLLATE=utf8_bin;

-- ----------------------------
-- Records of act_evt_log
-- ----------------------------

-- ----------------------------
-- Table structure for `act_ge_bytearray`
-- ----------------------------
DROP TABLE IF EXISTS `act_ge_bytearray`;
CREATE TABLE `act_ge_bytearray` (
  `ID_` varchar(64) COLLATE utf8_bin NOT NULL,
  `REV_` int(11) DEFAULT NULL,
  `NAME_` varchar(255) COLLATE utf8_bin DEFAULT NULL,
  `DEPLOYMENT_ID_` varchar(64) COLLATE utf8_bin DEFAULT NULL,
  `BYTES_` longblob,
  `GENERATED_` tinyint(4) DEFAULT NULL,
  PRIMARY KEY (`ID_`),
  KEY `ACT_FK_BYTEARR_DEPL` (`DEPLOYMENT_ID_`),
  CONSTRAINT `ACT_FK_BYTEARR_DEPL` FOREIGN KEY (`DEPLOYMENT_ID_`) REFERENCES `act_re_deployment` (`id_`)
) ENGINE=InnoDB DEFAULT CHARSET=utf8 COLLATE=utf8_bin;

-- ----------------------------
-- Records of act_ge_bytearray
-- ----------------------------
INSERT INTO `act_ge_bytearray` VALUES ('2', '1', 'D:\\IDEA-2017\\idea-workspace\\boot-vue-online-exam-server\\target\\classes\\processes\\time-job.bpmn20.xml', '1', 0x3C3F786D6C2076657273696F6E3D22312E302220656E636F64696E673D225554462D3822207374616E64616C6F6E653D22796573223F3E0D0A3C646566696E6974696F6E7320786D6C6E733D22687474703A2F2F7777772E6F6D672E6F72672F737065632F42504D4E2F32303130303532342F4D4F44454C2220786D6C6E733A61637469766974693D22687474703A2F2F61637469766974692E6F72672F62706D6E2220786D6C6E733A62706D6E64693D22687474703A2F2F7777772E6F6D672E6F72672F737065632F42504D4E2F32303130303532342F44492220786D6C6E733A6F6D6764633D22687474703A2F2F7777772E6F6D672E6F72672F737065632F44442F32303130303532342F44432220786D6C6E733A6F6D6764693D22687474703A2F2F7777772E6F6D672E6F72672F737065632F44442F32303130303532342F44492220786D6C6E733A746E733D22687474703A2F2F7777772E61637469766974692E6F72672F746573742220786D6C6E733A7873643D22687474703A2F2F7777772E77332E6F72672F323030312F584D4C536368656D612220786D6C6E733A7873693D22687474703A2F2F7777772E77332E6F72672F323030312F584D4C536368656D612D696E7374616E6365222065787072657373696F6E4C616E67756167653D22687474703A2F2F7777772E77332E6F72672F313939392F5850617468222069643D226D3135393432323032373332303522206E616D653D2222207461726765744E616D6573706163653D22687474703A2F2F7777772E61637469766974692E6F72672F746573742220747970654C616E67756167653D22687474703A2F2F7777772E77332E6F72672F323030312F584D4C536368656D61223E0D0A20203C70726F636573732069643D2274696D654A6F6250726F6365737322206973436C6F7365643D2266616C73652220697345786563757461626C653D2274727565222070726F63657373547970653D224E6F6E65223E0D0A202020203C73746172744576656E742069643D226A6F62537461727422206E616D653D22E5BC80E5A78B222F3E0D0A202020203C757365725461736B2061637469766974693A6578636C75736976653D2274727565222069643D22636F6D6D6F6E5461736B22206E616D653D22E699AEE9809AE4BBBBE58AA1222F3E0D0A202020203C656E644576656E742069643D226E6F726D616C456E6422206E616D653D22E6ADA3E5B8B8E7BB93E69D9F222F3E0D0A202020203C626F756E646172794576656E74206174746163686564546F5265663D22636F6D6D6F6E5461736B222063616E63656C41637469766974793D2274727565222069643D2274696D656F7574426F756E6461727922206E616D653D22426F756E646172794576656E74223E0D0A2020202020203C74696D65724576656E74446566696E6974696F6E3E0D0A20202020202020203C74696D654475726174696F6E3E505435533C2F74696D654475726174696F6E3E0D0A2020202020203C2F74696D65724576656E74446566696E6974696F6E3E0D0A202020203C2F626F756E646172794576656E743E0D0A202020203C757365725461736B2061637469766974693A6578636C75736976653D2274727565222069643D2274696D656F75745461736B22206E616D653D22E8B685E697B6E4BBBBE58AA1222F3E0D0A202020203C656E644576656E742069643D2274696D656F7574456E6422206E616D653D22E8B685E697B6E7BB93E69D9F222F3E0D0A202020203C73657175656E6365466C6F772069643D225F382220736F757263655265663D226A6F62537461727422207461726765745265663D22636F6D6D6F6E5461736B222F3E0D0A202020203C73657175656E6365466C6F772069643D225F392220736F757263655265663D22636F6D6D6F6E5461736B22207461726765745265663D226E6F726D616C456E64222F3E0D0A202020203C73657175656E6365466C6F772069643D225F31302220736F757263655265663D2274696D656F7574426F756E6461727922207461726765745265663D2274696D656F75745461736B222F3E0D0A202020203C73657175656E6365466C6F772069643D225F31312220736F757263655265663D2274696D656F75745461736B22207461726765745265663D2274696D656F7574456E64222F3E0D0A20203C2F70726F636573733E0D0A20203C62706D6E64693A42504D4E4469616772616D20646F63756D656E746174696F6E3D226261636B67726F756E643D234646464646463B636F756E743D313B686F72697A6F6E74616C636F756E743D313B6F7269656E746174696F6E3D303B77696474683D3834322E343B6865696768743D313139352E323B696D61676561626C6557696474683D3833322E343B696D61676561626C654865696768743D313138352E323B696D61676561626C65583D352E303B696D61676561626C65593D352E30222069643D224469616772616D2D5F3122206E616D653D224E6577204469616772616D223E0D0A202020203C62706D6E64693A42504D4E506C616E652062706D6E456C656D656E743D2274696D654A6F6250726F63657373223E0D0A2020202020203C62706D6E64693A42504D4E53686170652062706D6E456C656D656E743D226A6F625374617274222069643D2253686170652D6A6F625374617274223E0D0A20202020202020203C6F6D6764633A426F756E6473206865696768743D2233322E30222077696474683D2233322E302220783D2236352E302220793D223235302E30222F3E0D0A20202020202020203C62706D6E64693A42504D4E4C6162656C3E0D0A202020202020202020203C6F6D6764633A426F756E6473206865696768743D2233322E30222077696474683D2233322E302220783D22302E302220793D22302E30222F3E0D0A20202020202020203C2F62706D6E64693A42504D4E4C6162656C3E0D0A2020202020203C2F62706D6E64693A42504D4E53686170653E0D0A2020202020203C62706D6E64693A42504D4E53686170652062706D6E456C656D656E743D22636F6D6D6F6E5461736B222069643D2253686170652D636F6D6D6F6E5461736B223E0D0A20202020202020203C6F6D6764633A426F756E6473206865696768743D2237322E30222077696474683D2239352E302220783D223134302E302220793D223233302E30222F3E0D0A20202020202020203C62706D6E64693A42504D4E4C6162656C3E0D0A202020202020202020203C6F6D6764633A426F756E6473206865696768743D2237322E30222077696474683D2239352E302220783D22302E302220793D22302E30222F3E0D0A20202020202020203C2F62706D6E64693A42504D4E4C6162656C3E0D0A2020202020203C2F62706D6E64693A42504D4E53686170653E0D0A2020202020203C62706D6E64693A42504D4E53686170652062706D6E456C656D656E743D226E6F726D616C456E64222069643D2253686170652D6E6F726D616C456E64223E0D0A20202020202020203C6F6D6764633A426F756E6473206865696768743D2233322E30222077696474683D2233322E302220783D223333302E302220793D223235302E30222F3E0D0A20202020202020203C62706D6E64693A42504D4E4C6162656C3E0D0A202020202020202020203C6F6D6764633A426F756E6473206865696768743D2233322E30222077696474683D2233322E302220783D22302E302220793D22302E30222F3E0D0A20202020202020203C2F62706D6E64693A42504D4E4C6162656C3E0D0A2020202020203C2F62706D6E64693A42504D4E53686170653E0D0A2020202020203C62706D6E64693A42504D4E53686170652062706D6E456C656D656E743D2274696D656F75745461736B222069643D2253686170652D74696D656F75745461736B223E0D0A20202020202020203C6F6D6764633A426F756E6473206865696768743D2235352E30222077696474683D2238352E302220783D223139352E302220793D223430352E30222F3E0D0A20202020202020203C62706D6E64693A42504D4E4C6162656C3E0D0A202020202020202020203C6F6D6764633A426F756E6473206865696768743D2235352E30222077696474683D2238352E302220783D22302E302220793D22302E30222F3E0D0A20202020202020203C2F62706D6E64693A42504D4E4C6162656C3E0D0A2020202020203C2F62706D6E64693A42504D4E53686170653E0D0A2020202020203C62706D6E64693A42504D4E53686170652062706D6E456C656D656E743D2274696D656F7574456E64222069643D2253686170652D74696D656F7574456E64223E0D0A20202020202020203C6F6D6764633A426F756E6473206865696768743D2233322E30222077696474683D2233322E302220783D223334302E302220793D223431352E30222F3E0D0A20202020202020203C62706D6E64693A42504D4E4C6162656C3E0D0A202020202020202020203C6F6D6764633A426F756E6473206865696768743D2233322E30222077696474683D2233322E302220783D22302E302220793D22302E30222F3E0D0A20202020202020203C2F62706D6E64693A42504D4E4C6162656C3E0D0A2020202020203C2F62706D6E64693A42504D4E53686170653E0D0A2020202020203C62706D6E64693A42504D4E53686170652062706D6E456C656D656E743D2274696D656F7574426F756E64617279222069643D2253686170652D74696D656F7574426F756E64617279223E0D0A20202020202020203C6F6D6764633A426F756E6473206865696768743D2233322E30222077696474683D2233322E302220783D223138352E302220793D223237302E30222F3E0D0A20202020202020203C62706D6E64693A42504D4E4C6162656C3E0D0A202020202020202020203C6F6D6764633A426F756E6473206865696768743D2233322E30222077696474683D2233322E302220783D22302E302220793D22302E30222F3E0D0A20202020202020203C2F62706D6E64693A42504D4E4C6162656C3E0D0A2020202020203C2F62706D6E64693A42504D4E53686170653E0D0A2020202020203C62706D6E64693A42504D4E456467652062706D6E456C656D656E743D225F38222069643D2242504D4E456467655F5F382220736F75726365456C656D656E743D225F322220746172676574456C656D656E743D225F33223E0D0A20202020202020203C6F6D6764693A776179706F696E7420783D2239372E302220793D223236362E30222F3E0D0A20202020202020203C6F6D6764693A776179706F696E7420783D223134302E302220793D223236362E30222F3E0D0A20202020202020203C62706D6E64693A42504D4E4C6162656C3E0D0A202020202020202020203C6F6D6764633A426F756E6473206865696768743D22302E30222077696474683D22302E302220783D22302E302220793D22302E30222F3E0D0A20202020202020203C2F62706D6E64693A42504D4E4C6162656C3E0D0A2020202020203C2F62706D6E64693A42504D4E456467653E0D0A2020202020203C62706D6E64693A42504D4E456467652062706D6E456C656D656E743D225F39222069643D2242504D4E456467655F5F392220736F75726365456C656D656E743D225F332220746172676574456C656D656E743D225F34223E0D0A20202020202020203C6F6D6764693A776179706F696E7420783D223233352E302220793D223236362E30222F3E0D0A20202020202020203C6F6D6764693A776179706F696E7420783D223333302E302220793D223236362E30222F3E0D0A20202020202020203C62706D6E64693A42504D4E4C6162656C3E0D0A202020202020202020203C6F6D6764633A426F756E6473206865696768743D22302E30222077696474683D22302E302220783D22302E302220793D22302E30222F3E0D0A20202020202020203C2F62706D6E64693A42504D4E4C6162656C3E0D0A2020202020203C2F62706D6E64693A42504D4E456467653E0D0A2020202020203C62706D6E64693A42504D4E456467652062706D6E456C656D656E743D225F3131222069643D2242504D4E456467655F5F31312220736F75726365456C656D656E743D225F362220746172676574456C656D656E743D225F37223E0D0A20202020202020203C6F6D6764693A776179706F696E7420783D223238302E302220793D223433322E35222F3E0D0A20202020202020203C6F6D6764693A776179706F696E7420783D223334302E302220793D223433312E30222F3E0D0A20202020202020203C62706D6E64693A42504D4E4C6162656C3E0D0A202020202020202020203C6F6D6764633A426F756E6473206865696768743D22302E30222077696474683D22302E302220783D22302E302220793D22302E30222F3E0D0A20202020202020203C2F62706D6E64693A42504D4E4C6162656C3E0D0A2020202020203C2F62706D6E64693A42504D4E456467653E0D0A2020202020203C62706D6E64693A42504D4E456467652062706D6E456C656D656E743D225F3130222069643D2242504D4E456467655F5F31302220736F75726365456C656D656E743D225F332220746172676574456C656D656E743D225F36223E0D0A20202020202020203C6F6D6764693A776179706F696E7420783D223137352E302220793D223330322E30222F3E0D0A20202020202020203C6F6D6764693A776179706F696E7420783D223137352E302220793D223335302E30222F3E0D0A20202020202020203C6F6D6764693A776179706F696E7420783D223139352E302220793D223433322E35222F3E0D0A20202020202020203C62706D6E64693A42504D4E4C6162656C3E0D0A202020202020202020203C6F6D6764633A426F756E6473206865696768743D22302E30222077696474683D22302E302220783D22302E302220793D22302E30222F3E0D0A20202020202020203C2F62706D6E64693A42504D4E4C6162656C3E0D0A2020202020203C2F62706D6E64693A42504D4E456467653E0D0A202020203C2F62706D6E64693A42504D4E506C616E653E0D0A20203C2F62706D6E64693A42504D4E4469616772616D3E0D0A3C2F646566696E6974696F6E733E0D0A, '0');
INSERT INTO `act_ge_bytearray` VALUES ('2502', '1', 'D:\\IDEA-2017\\idea-workspace\\boot-vue-online-exam-server\\target\\classes\\processes\\publish-exam.bpmn', '2501', 0x3C3F786D6C2076657273696F6E3D22312E302220656E636F64696E673D225554462D3822207374616E64616C6F6E653D22796573223F3E0D0A3C646566696E6974696F6E7320786D6C6E733D22687474703A2F2F7777772E6F6D672E6F72672F737065632F42504D4E2F32303130303532342F4D4F44454C2220786D6C6E733A61637469766974693D22687474703A2F2F61637469766974692E6F72672F62706D6E2220786D6C6E733A62706D6E64693D22687474703A2F2F7777772E6F6D672E6F72672F737065632F42504D4E2F32303130303532342F44492220786D6C6E733A6F6D6764633D22687474703A2F2F7777772E6F6D672E6F72672F737065632F44442F32303130303532342F44432220786D6C6E733A6F6D6764693D22687474703A2F2F7777772E6F6D672E6F72672F737065632F44442F32303130303532342F44492220786D6C6E733A746E733D22687474703A2F2F7777772E61637469766974692E6F72672F746573742220786D6C6E733A7873643D22687474703A2F2F7777772E77332E6F72672F323030312F584D4C536368656D612220786D6C6E733A7873693D22687474703A2F2F7777772E77332E6F72672F323030312F584D4C536368656D612D696E7374616E6365222065787072657373696F6E4C616E67756167653D22687474703A2F2F7777772E77332E6F72672F313939392F5850617468222069643D226D3135393435333931383035323822206E616D653D2222207461726765744E616D6573706163653D22687474703A2F2F7777772E61637469766974692E6F72672F746573742220747970654C616E67756167653D22687474703A2F2F7777772E77332E6F72672F323030312F584D4C536368656D61223E0D0A20203C70726F636573732069643D227075626C6973684578616D22206973436C6F7365643D2266616C73652220697345786563757461626C653D227472756522206E616D653D22E88083E8AF95E6B581E7A88B222070726F63657373547970653D224E6F6E65223E0D0A202020203C73746172744576656E742069643D22737461727422206E616D653D22E58F91E5B883E88083E8AF95222F3E0D0A202020203C757365725461736B2061637469766974693A6578636C75736976653D2274727565222069643D2273747564656E74496E766F6C766522206E616D653D22E5ADA6E7949FE68AA5E5908DE58F82E58AA0222F3E0D0A202020203C757365725461736B2061637469766974693A6578636C75736976653D2274727565222069643D2274656163686572417564697422206E616D653D22E88081E5B888E5AEA1E6A0B8E68AA5E5908D222F3E0D0A202020203C6578636C7573697665476174657761792067617465776179446972656374696F6E3D22556E737065636966696564222069643D225F3522206E616D653D224578636C757369766547617465776179222F3E0D0A202020203C656E644576656E742069643D22656E6422206E616D653D22E68AA5E5908DE7BB93E69D9F222F3E0D0A202020203C73657175656E6365466C6F772069643D225F372220736F757263655265663D22737461727422207461726765745265663D2273747564656E74496E766F6C7665222F3E0D0A202020203C73657175656E6365466C6F772069643D225F382220736F757263655265663D2273747564656E74496E766F6C766522207461726765745265663D22746561636865724175646974222F3E0D0A202020203C73657175656E6365466C6F772069643D225F392220736F757263655265663D2274656163686572417564697422207461726765745265663D225F35222F3E0D0A202020203C73657175656E6365466C6F772069643D225F313022206E616D653D22E5AEA1E6A0B8E9809AE8BF872220736F757263655265663D225F3522207461726765745265663D22656E64223E0D0A2020202020203C636F6E646974696F6E45787072657373696F6E207873693A747970653D2274466F726D616C45787072657373696F6E223E3C215B43444154415B247B6973546561636865724175646974203D3D202774727565277D5D5D3E3C2F636F6E646974696F6E45787072657373696F6E3E0D0A202020203C2F73657175656E6365466C6F773E0D0A202020203C73657175656E6365466C6F772069643D225F313122206E616D653D22E5AEA1E6A0B8E4B88DE9809AE8BF872220736F757263655265663D225F3522207461726765745265663D2273747564656E74496E766F6C7665223E0D0A2020202020203C636F6E646974696F6E45787072657373696F6E207873693A747970653D2274466F726D616C45787072657373696F6E223E3C215B43444154415B247B6973546561636865724175646974203D3D202766616C7365277D5D5D3E3C2F636F6E646974696F6E45787072657373696F6E3E0D0A202020203C2F73657175656E6365466C6F773E0D0A20203C2F70726F636573733E0D0A20203C62706D6E64693A42504D4E4469616772616D20646F63756D656E746174696F6E3D226261636B67726F756E643D234646464646463B636F756E743D313B686F72697A6F6E74616C636F756E743D313B6F7269656E746174696F6E3D303B77696474683D3834322E343B6865696768743D313139352E323B696D61676561626C6557696474683D3833322E343B696D61676561626C654865696768743D313138352E323B696D61676561626C65583D352E303B696D61676561626C65593D352E30222069643D224469616772616D2D5F3122206E616D653D224E6577204469616772616D223E0D0A202020203C62706D6E64693A42504D4E506C616E652062706D6E456C656D656E743D227075626C6973684578616D223E0D0A2020202020203C62706D6E64693A42504D4E53686170652062706D6E456C656D656E743D227374617274222069643D2253686170652D7374617274223E0D0A20202020202020203C6F6D6764633A426F756E6473206865696768743D2233322E30222077696474683D2233322E302220783D2234302E302220793D223133352E30222F3E0D0A20202020202020203C62706D6E64693A42504D4E4C6162656C3E0D0A202020202020202020203C6F6D6764633A426F756E6473206865696768743D2233322E30222077696474683D2233322E302220783D22302E302220793D22302E30222F3E0D0A20202020202020203C2F62706D6E64693A42504D4E4C6162656C3E0D0A2020202020203C2F62706D6E64693A42504D4E53686170653E0D0A2020202020203C62706D6E64693A42504D4E53686170652062706D6E456C656D656E743D2273747564656E74496E766F6C7665222069643D2253686170652D73747564656E74496E766F6C7665223E0D0A20202020202020203C6F6D6764633A426F756E6473206865696768743D2235352E30222077696474683D2238352E302220783D223135302E302220793D223132352E30222F3E0D0A20202020202020203C62706D6E64693A42504D4E4C6162656C3E0D0A202020202020202020203C6F6D6764633A426F756E6473206865696768743D2235352E30222077696474683D2238352E302220783D22302E302220793D22302E30222F3E0D0A20202020202020203C2F62706D6E64693A42504D4E4C6162656C3E0D0A2020202020203C2F62706D6E64693A42504D4E53686170653E0D0A2020202020203C62706D6E64693A42504D4E53686170652062706D6E456C656D656E743D22746561636865724175646974222069643D2253686170652D746561636865724175646974223E0D0A20202020202020203C6F6D6764633A426F756E6473206865696768743D2235352E30222077696474683D2238352E302220783D223331302E302220793D223132352E30222F3E0D0A20202020202020203C62706D6E64693A42504D4E4C6162656C3E0D0A202020202020202020203C6F6D6764633A426F756E6473206865696768743D2235352E30222077696474683D2238352E302220783D22302E302220793D22302E30222F3E0D0A20202020202020203C2F62706D6E64693A42504D4E4C6162656C3E0D0A2020202020203C2F62706D6E64693A42504D4E53686170653E0D0A2020202020203C62706D6E64693A42504D4E53686170652062706D6E456C656D656E743D225F35222069643D2253686170652D5F35222069734D61726B657256697369626C653D2266616C7365223E0D0A20202020202020203C6F6D6764633A426F756E6473206865696768743D2233322E30222077696474683D2233322E302220783D223434302E302220793D223133352E30222F3E0D0A20202020202020203C62706D6E64693A42504D4E4C6162656C3E0D0A202020202020202020203C6F6D6764633A426F756E6473206865696768743D2233322E30222077696474683D2233322E302220783D22302E302220793D22302E30222F3E0D0A20202020202020203C2F62706D6E64693A42504D4E4C6162656C3E0D0A2020202020203C2F62706D6E64693A42504D4E53686170653E0D0A2020202020203C62706D6E64693A42504D4E53686170652062706D6E456C656D656E743D22656E64222069643D2253686170652D656E64223E0D0A20202020202020203C6F6D6764633A426F756E6473206865696768743D2233322E30222077696474683D2233322E302220783D223537352E302220793D223133352E30222F3E0D0A20202020202020203C62706D6E64693A42504D4E4C6162656C3E0D0A202020202020202020203C6F6D6764633A426F756E6473206865696768743D2233322E30222077696474683D2233322E302220783D22302E302220793D22302E30222F3E0D0A20202020202020203C2F62706D6E64693A42504D4E4C6162656C3E0D0A2020202020203C2F62706D6E64693A42504D4E53686170653E0D0A2020202020203C62706D6E64693A42504D4E456467652062706D6E456C656D656E743D225F37222069643D2242504D4E456467655F5F372220736F75726365456C656D656E743D225F322220746172676574456C656D656E743D225F33223E0D0A20202020202020203C6F6D6764693A776179706F696E7420783D2237322E302220793D223135312E30222F3E0D0A20202020202020203C6F6D6764693A776179706F696E7420783D223135302E302220793D223135322E35222F3E0D0A20202020202020203C62706D6E64693A42504D4E4C6162656C3E0D0A202020202020202020203C6F6D6764633A426F756E6473206865696768743D22302E30222077696474683D22302E302220783D22302E302220793D22302E30222F3E0D0A20202020202020203C2F62706D6E64693A42504D4E4C6162656C3E0D0A2020202020203C2F62706D6E64693A42504D4E456467653E0D0A2020202020203C62706D6E64693A42504D4E456467652062706D6E456C656D656E743D225F38222069643D2242504D4E456467655F5F382220736F75726365456C656D656E743D225F332220746172676574456C656D656E743D225F34223E0D0A20202020202020203C6F6D6764693A776179706F696E7420783D223233352E302220793D223135322E35222F3E0D0A20202020202020203C6F6D6764693A776179706F696E7420783D223331302E302220793D223135322E35222F3E0D0A20202020202020203C62706D6E64693A42504D4E4C6162656C3E0D0A202020202020202020203C6F6D6764633A426F756E6473206865696768743D22302E30222077696474683D22302E302220783D22302E302220793D22302E30222F3E0D0A20202020202020203C2F62706D6E64693A42504D4E4C6162656C3E0D0A2020202020203C2F62706D6E64693A42504D4E456467653E0D0A2020202020203C62706D6E64693A42504D4E456467652062706D6E456C656D656E743D225F39222069643D2242504D4E456467655F5F392220736F75726365456C656D656E743D225F342220746172676574456C656D656E743D225F35223E0D0A20202020202020203C6F6D6764693A776179706F696E7420783D223339352E302220793D223135322E35222F3E0D0A20202020202020203C6F6D6764693A776179706F696E7420783D223434302E302220793D223135312E30222F3E0D0A20202020202020203C62706D6E64693A42504D4E4C6162656C3E0D0A202020202020202020203C6F6D6764633A426F756E6473206865696768743D22302E30222077696474683D22302E302220783D22302E302220793D22302E30222F3E0D0A20202020202020203C2F62706D6E64693A42504D4E4C6162656C3E0D0A2020202020203C2F62706D6E64693A42504D4E456467653E0D0A2020202020203C62706D6E64693A42504D4E456467652062706D6E456C656D656E743D225F3131222069643D2242504D4E456467655F5F31312220736F75726365456C656D656E743D225F352220746172676574456C656D656E743D225F33223E0D0A20202020202020203C6F6D6764693A776179706F696E7420783D223435362E302220793D223133352E30222F3E0D0A20202020202020203C6F6D6764693A776179706F696E7420783D223332352E302220793D2238302E30222F3E0D0A20202020202020203C6F6D6764693A776179706F696E7420783D223139322E352220793D223132352E30222F3E0D0A20202020202020203C62706D6E64693A42504D4E4C6162656C3E0D0A202020202020202020203C6F6D6764633A426F756E6473206865696768743D22302E30222077696474683D22302E302220783D22302E302220793D22302E30222F3E0D0A20202020202020203C2F62706D6E64693A42504D4E4C6162656C3E0D0A2020202020203C2F62706D6E64693A42504D4E456467653E0D0A2020202020203C62706D6E64693A42504D4E456467652062706D6E456C656D656E743D225F3130222069643D2242504D4E456467655F5F31302220736F75726365456C656D656E743D225F352220746172676574456C656D656E743D225F36223E0D0A20202020202020203C6F6D6764693A776179706F696E7420783D223437322E302220793D223135312E30222F3E0D0A20202020202020203C6F6D6764693A776179706F696E7420783D223537352E302220793D223135312E30222F3E0D0A20202020202020203C62706D6E64693A42504D4E4C6162656C3E0D0A202020202020202020203C6F6D6764633A426F756E6473206865696768743D22302E30222077696474683D22302E302220783D22302E302220793D22302E30222F3E0D0A20202020202020203C2F62706D6E64693A42504D4E4C6162656C3E0D0A2020202020203C2F62706D6E64693A42504D4E456467653E0D0A202020203C2F62706D6E64693A42504D4E506C616E653E0D0A20203C2F62706D6E64693A42504D4E4469616772616D3E0D0A3C2F646566696E6974696F6E733E0D0A, '0');
INSERT INTO `act_ge_bytearray` VALUES ('2503', '1', 'D:\\IDEA-2017\\idea-workspace\\boot-vue-online-exam-server\\target\\classes\\processes\\publish-exam.publishExam.png', '2501', 0x89504E470D0A1A0A0000000D4948445200000269000000BE08060000006ED5986C000017564944415478DAEDDD7F8CDC659900F08610A38618428C448D219E91186388F7C74563C829315E004330DDEE2C33DB2DD542A1F487408F129B362D07913BA882D888443C44887A24FE2C6A4B7F5068A040410B47050A57C0520A6D1168A1B0A5DDB9E7A9DFA9C376B7DD6D677776673F9FE4CD6C67B6BFDE79F6FB3CF3BEDFF77DC78D030000000006E8E21B5655FB6A23E5750080315BA41DEAB966BF0E00A04853A4010028D2146900008A340000459A220D00E0288B34AB3B01000000000000000000000000000000000000000000000000000000000000000000000000000000000000000000000000000000000000000000000000000000000000000000000000000000000000000000000000000000000000000000000000000000000000000000000000000000000000000000000000000000000000000000000000000000000000000000000000000000000000000000000000000000000000000000000000008026A9542AFFA4170000468873CE39E763D11E8C568DF6D09429534ED22B00004DD2DEDE7E5CB95CFE751466FBA23D15BFAEC4E313F15CFE7AC9E4C9938FD74B0000C3E79828C2BE1FED9D682F552A95B3EB5F8C5F9F19CF6F89B6B7542AFD388AB7F7E832008021542E9767777474BC1905D81BD1661DEA7BE3F56FC4F7BE1A8F6FC7EFBB4AEF01003458145A13A26D8F626B4FA954FAEE607E6FA5525910BFF7ADF8BDAF47BB486F02001C7D71F6B968CFE47D661D1D1D774C9D3AF5FD47F2E72C5CB8F0D8F8FD3FCC29D2783C688A14008001C8159A514C3D10AD270AAB35E3C78FFF7023FEDC5E8B0D9ECE22506F03001CC619679CF18152A9F4DBA288FA4BA552F9EC50FC3D93264DFA68167F5904465B17ED137A1F00E060C744417663B162736BB4AF0EC75FDAD6D6764AFC5D8F1745E1B2F6F6F613BC150000E3F6DF777679B4DD1D1D1D3B9B7563FF840913BE1CFF86BFE6B61DD16EFBD297BEF45EEF0C003026757676764451B6238AA2EE28D0AE1921056357B457E2DFD55DA954AEF52E010063C6C48913BF1045D9A69C628CC79F8FC451AB52A9F4AD1CDD8BB62B0AB68BBD6B0040CBEAEAEAFA7871937EAED85C1DC5CF8923FC9F5C3BD9604FB46DB9579B7711006819798666A954BAB3D8EB6C43B4CF8CA67F7FEECD967BB415FFFE4DF178AA77150018B58A0D646F2A566C6E89AFFF6D34FF7F72E42FFE1F77E748607CFDE7783CD9BB0C008C2A51CCCCAB1DC5148FE7B7D2FFADADADED5351A0AD2FB6ED58D9D5D5F521EF380030D28BB34AAE8ECC159BD1BEDDCAFFD752A9F4AFF17F7C368BB54AA5F28B233DB20A0060A80B96E76AFB8CB5B7B7BF67ACFCDF732B91B0FFF0F768D7C753C7880800A0A9264F9EFCC92850FE54ACD81CD3537F51A85E127DF046F4C59BF1F51CD101000CBB3C3E298A91A5C55E678F7576767E5AAFFC5DF4C7A262BA3737EAADE8110060C8E58ACD52A9F4E39CD62C97CB9BF33825BD72B0DCA037FAE7F662FAF7F9E8B3D3F40A003024A2D858982B36A3BD16ED1B7AE4F0CE3AEBAC0F465FDD551B711C6D7BC401002358A9543AB75C2EBF1A85C6DB954AE54A3D327879EF5EF4DF23C51E6BF78C1F3FFEC37A050038D2E2ECB49CAA2BA6EC7E3296566C0E9528D23E1F45DA33C51E6BBF8C3E3D4EAF0000032D244EAEDBACF5AE9CB2D32B8D55A954C647DFBE9CA731445FFF609C6D3B0080FE64311605C3F2A2385BEFD8A3A117FD3C3DFA79673CEECE531AF4080070404E6396CBE55B6B2B11E3EB2FEA95E1157D7E75DEF3178F7F8BF6753D0200635C2E04A81507F1D8A5479A5B2CE7BD7F45B1BC79B41F480F001C81DC42A3D84AE3AD28D416E8911155AC9D1045F3EFA3E5B61D1BE2FDF9AC5E0180161789FF2B394A538CD6DC9C9BD3EA9591A9ABABEBE351A43D501CB9755FB48FE915006831796C536EA65A2C0AF8C3E4C9938FD72BA3E6BDFB9778CF9ECAF7AE542AFDF68C33CEF8805E0180512E0F3C8FE26C55311AF3486EAAAA5746A778FFBE1AEDC5DCB6A35C2EFFC82828008C42BDCE8E7C36BE3E55AFB44CB1767EED7EC228BEAFD02300304A14DB3974477B255A458FB4A62CD06A67A9C67B7E811E0180915B9C5D10EDF5DC18B552A9CCD523AD2FA73C73EA330AB677E27DDF9A53A27A05004688F6F6F6D323396F298E18BAC9BD4A634F2E26C84505C5C290A772B1815E018026696B6B3B25F7D1CAFDB422312FB1EA8FDCA623B7EBC8852211170FE6361E7A0500864924DF13A3DD53ACD87C4822A6B7DC00B756C0E7C6B8B941AE5E018021922B3623F9FEA298D2FABF48C29FD72B1C4A1E2D55B779F14FF2E829BD02000328BA06FABD519C5D1B49764FB95CDE1189B75DEF311879687B713E6B9ED37AB51E01807E14F7936D3ADCF745529D1E6D57AED82C954A73F41C4723E2685EC4DDEE683BA3CDD4230050A7D868F6D54898D5FE0AAF6277F9ADC58ACD1FC453C7E8391AE4988CA98CAD682F572A95F1BA0400FE5E802DC9022D5B8E6AD44F7BE60DDFF1FC13CE6964A8B5B7B71F1771F6CB8CB5F8D0F0CCC48913BFA0570018B3A2083BB356A0D55A3C77E3F8F1E33F1C5FAF29566CAE9D3265CA497A8BE190B157B75AD8F9AE008C3D91FC8E8F24F87AEF22ADD82621576C3E6D13529A258AB4CF447B2C47D6E271F959679DF541BD02308254ABD5F76EDAB469F3DAB56BAB2B57AEAC2E5FBE5C3B82B662C58AEABDF7DEDB13EDC65ADFE69E66BD0BB4BA42ED61D127FE8632FE06AA542A9D1631F97CB16DC7CF06B30A198021940972CD9A35D56DDBB655BBBBBBB5A368DBB76FAFAE5EBDBA2712E6A28E8E8EF3FA2BD08A7BD37A4C718ABFA18ABF23792F222E2BD176E4D62F51B87DD7D511A0C9720443826C6CA2BCF3CE3BBBCBE5F29E431569455B23FEC45FA3E36FF9F2E5DD47F39E445CFE7B7C8878331EDF88389EED2A09D02439C524B935B65D76D965F585584FB1F541B65DB91547B11DC7E63CC667AC4F2D89BFC6B79CFE6CC05B734CC4E975F96123E2747B67676787AB25C030CB0BBAC4D6B8B66BD7AEEA942953B238BB6FD2A4491F1561E26F941669FB4D9D3AF5FD7547933D1B45DB17452DC0084B926FBCB6B5BA69DD2DD50D2BFE637FCBAFF33949F1E0F6C73FFEB12AB2C45F2B1469355D5D5D1F8A226D65B112747D5B5BDBA7442FC0084892BB5EDD527D7CD9FCEAA3BFBFEC5D2D9FCBD724C6A14F92E24FFC8D84F88B02EDE472B9FCE7628FB5BBE3EB134531401393E4E60DBF3B2841D6DA0B1B96488C8A34F137C6E22F8AB353F32CDADCEF2F1EEFC86951D10CD08424F9C4DDFFD56F92CCD72446459AF81B9BF177CE39E74C88B62DB7ED88F6FD71CE9C0518DE24F9F8F285FD26C97C4D6254A489BFB11D7F51A0CDCAD5CBD176974AA56F3521941CAB36C6E54AF988BF79B9B551B4EDD1BA7B6D79949B35BF92C7F0E5D17C79228C5EEB43B55A3D7ED9B265BF59BC78F11B8B162DEA993D7B76353A6B7F27767575552FB9E492EAFCF9F3F75C71C5155B66CD9A75A91E93242549F127FE4647FC7574745C532E97BB8B64D8354C7FED9C4C2DD1AEF01335F6B4B5B59D12B1B63A0AAF81EC4DF9AEE3F9721BA49CBAD78BE1C5175FECBCEDB6DB767EF39BDFAC5E74D145D55B6EB9A5FAC0030F54B76EDD5A7DEBADB7AA69CF9E3DFB37B65CB76E5DF5F6DB6FAF4E9B36AD3A63C68C9EB973E7DEEB06D5E625C95C4DD75F92CCD72446459AF8137F35EDEDEDEF8924F8D362E4E2AF71EDFECA1017683DD1FE543C2AD4C6D0C85914594BA338AB0EA638EBA7AD1DB3236B517B9DB86AD5AA1D3367CEAC2E5AB4A8FAD8638FED2FC6066AC3860DD5C58B1757CF3BEFBCEAECD9B3FD003621493E7DDFE27E9364BE26312AD2C49FF8EBA3583B219368B1C7DAE339E23144055A2D2FCC53A88D0D13264CF87214FF6FF52EB67200E8A69B6EDA3F00B465CB96030340F99803408F3CF248F5D65B6FAD5E7CF1C57D1DD59753F55F1B73A367DFFBDEF77AB243D6AF5F5F3D1A4F3EF96475D6AC59D50B2FBCF06573C9C39B245FD9F258F5F1BB161C3CD514CFE56B12A3224DFC89BFFE44F2FB4424C1878A6D3BD6346893E739FD146473146AAD2DCF45EEECECDC575F60E5292F5980EDDDBB77C03545D62473E7CEED5DACF5C49F3F366267D7AE5DB3E6CF9F5FBDE1861BAA3B77EEAC364256C3F9E74D9F3EFD35D39FC39724B33DFBF04F0F4A92F99CA4A848137FE26F2022017E2EAEDB1B73642D1E7FDDDEDE7E5C830BB4DEAFCFF313D67A055AFDF466146BD5254B960CAA38EB6DE9D2A507EE8BAF1B556BED422D47D0B240BBE69A6B8EAAF3FA73E38D37E688DADFC6FAB987C39624DF7EBBFAF4FD371E3CD514CFE56B12A3224DFC89BF818A247B7624C2AD799E6D24C31F2E5CB8F0D806166835A63E5B4C4E7146ECF4D44F6D6EDCB8B12135C573CF3D57CD5BB2EA47D45A76EA33EF41CB29CE1CF11A8A02ADE6FAEBAFAF4E9C38F179A13BB449327774DF78DFF7FBBD27285FB3EBBB224DFC89BFC18A247861B95C7E3D12E25B917C1734B040AB2FD4F619511BFD7240A6FE1EB42CD0F21EB346CA3FAFBE50CB7BD45AF2D6AA5C2490F7A0356A8AF350539FD3A64DEB8937EE62213C0449F2EDB7AB5B9F5E55FDDFA573FB4D90B596DF93DF6B54439126FEC4DF60C535FCAA488A6F47527C35A7B31A54A0D5FFBE7D46D446B76201CA8129CE468DA0F535A2D66BEAF3A196EAC89CE6CC4A3457700E875C4C903710BA3FADB149F270A31746351469E24FFC35526EDB512A957E5C6CDBB1A552A99CD98002ADF7EF37A2360AE5AAE0FAFBD0F21EB4A194F7A8D5DF9F96D3AC2DD399B90F5A6EB3319CAEBAEAAADCC06E89506E5C921CC8E8C5A146352449459AF8137F4722A797F27A9E1B8DC6E3131FF9C8476EE855A0E5B1533F1A77F8E3A77A7F9F7BD446A9DCA8B67E15E760B6F03A52975F7E79FDB4E78696E8C83C492037AA1DAE51B49A279E7822770E7EC72282C625C9234D90B526492AD2C49FF83B1A53A64C39E9F4D34F7FEEECB3CFAEBEEF7DEFBBA6AEF07A6ADCDF4F1778EA10855A7FDF67446D94C9BC5E7F92406EB3311CB28EA93F99A02566EBE2C27067DECC37948B05FA139FBEF61DE25E86311BDC479A243549B299459AD61AF1571CD7B3E20813DCFE82AAAE401B578C8C55EB5A5F855A7D81566B37F5FE738DA88D8811B25722362E3AD4F7E45618F58B0586B3BEA8DFF036CFFA1CF51D9E6771E6514FCD70DD75D7EDCE4D1285FDBB7E005E8F00BFE370AB532449459A224DFC0D853C13B1982ECA0D4297463B7930055A1F85545F05587DA176B8D76B4C7D8E8C1C552B825EE96F90A5382C7DFFF7DD7CF3CDC35A57E4D194F5C7468DFA0ECFC3D2F3288666B8FFFEFBF366D3CDC2FE5DC1FD4E6DA8361E7FD65FB126492AD29AF52959FCB57C9176621F67243E7498FDA70E37D2D55F2176EC000BB4FABFC7AACF9151A4D5DAF6DED78C7CAEF6FA70D71739B55A37E5F9EAA8EFF0D9B367EF3F2CBD1976ECD8911BDC750BFB775D20F7F5FA0178279EBB5A9254A48D944FC9E2AFF5E3EF10075A3FDF47B136D0A9C8BE0AB5EE411468BD0B35F7A88DACD838F0012F1E0FDC8F36DCF545EE9B56F76FDA3BEA3BBCABABEBC061A6C32D577B64470AFB01FD00BC116D9E24A9486BF6A764F137A68BB403715114F183BD57ACAF426D30059AA9CF51101BF5BF1EEEFA22FFBEFABFBF253ABC99FA78837B8A7B2172946D5FD1F616D3807B226174E7068AB9DB75EE2C5C142FBBE2F99DF1986783FEAD1805C84079B938C6644B3CBF393F05C6E3B3D19E89AF9FCAA5E2B94C371E1F8DE7FE1CEDE1680FC6AFEF2FE6D47309F18A68CBE2F9DF47FB5D7C8AFC55DE3316EDE7F1FC6DF1DC7F47FB51DEA018CFDD10AF7F371EAF89D7BE1D6D611656D12E8FE72F89E767E66EDD79718BE7BAE2F795E371423C77567B7BFBE9B9AFCBE17E00E2F7BE999B484A928AB4667D4A56A40D5DFC4D9D3AF5FDF1C1F943D13E1E3FEB9FE9ECECFC97E8F72FE6FE63D1C6C7D713E3BD38BFB896CCC91DFFF35A535C777E50EC59765B5EA3E2EBDFC6D77F88B6B2B89EAD8DF648BCF6583CFE25DAD3D19E2DAE8D799DDC96EF735E47079088ABE3C78FAF155783DDEAE0D83E46D0BA8BE70763E940FE9D5A735BB3EB8A517F513EF7DC739B3992B6FF3CAFDC10310FED8D7642DE0F91CBB8274F9EFCC9B8407D3A5EFFE7E280DF53E3A2735A163359D4E4052B5EEFC86227DA37E2F50B8A0BD725C5C56B6E1649C5AED8FF595CC46EC80B59B49BB2B88AE77F9AF77D1517B45FE5452DDA9D599415C5D9DDC5C5EDFEF89E07A2ADCB622E8BBA688F679157147BCFC46B9B8A22302F785B8A8BDECBC5A78A1D45F1F85A719CCAAEA2B8CC22338FCC783B8BCFFA21E2C335495291D6CC1114F1D7F8163FFFEFFAB05AF70135AF0BDDC507D337A3ED2C0AA9FC309A85D5D6BCEEE407D0A2F0FA4BF1C1F3E1A230BBB7B89E65C1F69B68FF93855CB49BA32DCE6B63F1A1727E5E3BF33A7A88F77F4F5C5B7F118F1FCB8272DCE0B7C768F448DAD5C6B646CE6C4FAEEACC1D0A8CA435D0A5975EDAB47BD2B66DDBB6C73D6903FB01C81B20EB8FD292241BDF7CEA1D78137F2D3FDDB9AFD7087E1EE5776B3F0B9986FB9EB4DAD99EA63A47468E3A509CD5BEC73D690DB460C182EE66ADEE5CB66CD936AB3BFFA1D8B5BBF70FC08BC3754F503F9F6E47CDEB46D286E753B2F86BFDF8ABAD322FDAEA9CDD38CC6F19CED59D36B61D19D788BCCDE8EABEF6F6B4BAB381AEBCF2CAE79BB54FDAFCF9F35FB24FDA3FD4F6272A3EB93E99BFEEEF7B872A491EEAB991FEBA226D783E258BBFD68FBF9CE188F7FD4F83D823AD5640F5B5EAB251FBA4758DB3AA7324C4469FD7845EDF639FB44699356BD6D7A74D9BD6941307F25828270EFC43DE249CF7941CAA3893241569CDFE942CFE5A3FFE063072D69F797D8C7435F2C4814532C5A81870B8BA59270EE431972D75E24051A8ED1BEEB33BD7AE5D9B539DCEEE3C4292A422AD599F92C59FF81BC0885AEFC3D51B7176A7026D9428160FEC75766783CC9B37EFEE6BAFBD76588BB4A953A7E654E712E1AC489324C59FF86BB9F89BD747A176D3B8C32F0AE8FD7DF6431BBD1FF81EAA154C975D76D9B08CA6CD9D3BB77EB1CB8696E9CCBC61FDFCF3CFEFD9B061C3B014680F3EF8E08E6227FD1385B22429498A3FF1D792F177B4270328D046B1B6B6B6538AAD64F6174D4B962C19D2BA62E9D2A5EFBA9F36F71D6DA90E9D3163C6FC9933675677EEDC39A41DB97BF7EE7D954A654FFD7612489292A4F8137F2D197F475A68CD19A7406B85D1B4030B083A3B3BAB1B376E1C92BAE2B9E79EABE69EAFF567CDB664874E9B366DEB75D75D3794C3923DF1776CCB8D5F85EFC84C92E36C8180F8137F8D1F511B4CC1A5406B11394B579C0C74601141EE63D6E87DD166CC98513FCDB9BB9FFDFC46BFBCD92FFEB33B162F5E3C14855ACFDCB973FF9AFBA2B56C078EF224693351459AF8137F4338A23690A9CFAE711609B49452A9F4B5FA69CF2CD41A35A2962368F5055AFE3DF9F7B5748766A13675EAD46DDFF9CE77AA6FBEF966C3A638A74F9F9E0B0536BB0F4D929424C59F3626E3EF702364B57BD81468AD57A8CDA92FD472EA33EF513B9AC1A0BC07ADD714678EA28D8DD1D72CD4BABABA365D70C1053D8F3EFAE8512F12C87BD0728AD3089A2429498A3F6D4CC75F7F855A5FFBABD1C2855A6DD5E7FAF5EB07BDCDC6FCF9F37B6FBADD33660AB47A7973FFC48913F72E58B0E09D2CD60653F53EFCF0C3DBF31EB76215A7450292A42429FE34F1575FA8CDAB2BD09C2430360AB5AFD5DFA3563F059A2713AC5BB76EFF599FB543D9F331EF39CB422E4F12A8DFA8B6FE1EB4969FE23C94E2C6BF3B72346CD2A4493D8B162DDA7DCF3DF7EC7DE9A597F6EDD9B3677F47C6634F1E967ED75D77EDC8A39EF22481E2ECB725A63725494952FC69E2AF9F91B3D5C5E3D57EAAC64E4D51BFEAF328DB4366E8EA448774455B11EDF93EAAE1EEBCE72CCFCACAA39E9C2420494A92E24F137F871951AB2AD0C6A6DC472DCF87AD3F9960202D4F12C88D6A2B95CA997A1149529244FC89BFA173929FA6B12D07748AB33E73746D7B7CBDA7775116EDD51C00CAB338CDCE21494A92883FF107802429498A3F4DFC0148929A2429FEC41F0092A42429FE34F10720496A92A4F8137F00489292A4F8D3C41F0092A42429FEC41F0092A42489F8137F001C81952B574A6C92A4F8137F008C346BD6ACD99707CF4A6E8D692FBCF0C2F39124BB4596F8137F001C9555AB567D7BF5EAD53D2FBFFCB224D78004B962C58A77A22D1259E24FFC0170D4E2A27E457CFA7E23A749B4A36ADD12A4F8137F000000000000000000000000000000000000000000001CE4FF01E4B875274B0C60A30000000049454E44AE426082, '1');
INSERT INTO `act_ge_bytearray` VALUES ('3', '1', 'D:\\IDEA-2017\\idea-workspace\\boot-vue-online-exam-server\\target\\classes\\processes\\time-job.timeJobProcess.png', '1', 0x89504E470D0A1A0A0000000D494844520000017E000001D608060000007095E27F00001F184944415478DAEDDD7B905D55BD2770B46E59CC945543CD5883D675669C19CB6BDDF252D63896F70FE79AB9EA8CE32DAA1842F7A13B0472AF881042082AAF4006225E1109849786088A1004012FA011C83B212D3490008124BC22214062200F792424E4D56BD66FDB27B5D3498784749FEE3EFBF3A95A754E9F73FA74F7EA73BE7B9DDF5E7BEDC30E0300000000000000000000000000000000000000000000000000000000000000000000000000000000000000000000000000000000000000000000000000000000000000000000000000000000000000000000000000000000000000000000000000000000000000000000000000000000000000000000000000000000000000000000000000000000000000000000000000000000000000000000000000000000000000000000000000000000000000000000000000000000000000000000000000000000000000000000000000000000000000000000000000000000000000000000000000000000000000000000000000000000000000000000000000000000000000000000000000000000000000000000000000000000000000000000000000000000000000000000000000000000000000000000000000000000000000000000000000000000000000000000000000000000E010A4940E5FB972E5AB9D9D9D69EEDCB969F6ECD95A3FB63973E6A4850B1776E536C5AB0F181011FA1D1D1D69DDBA7569DBB66D5A03DAFAF5EBD382050BBAF24660925720D07031D217FA0313FEF913C036AF40A0E1A2BC238807A645E9C72B1068B8081F212CF801C1BF57DBFCE6DAB472D14D69F99CEF152DAEC76D025CF0034D18FC9BDE589396CD9C909EBAEFEC3D5ADC16F70971C10F3459F0BFBAFCB77B857EBDAD5E3E5D880B7EA0D982FFD9F997F51AFC719F1017FC409305FFB2D917F71AFC719F1017FC80E0D7043F3094833F66F1F416FC719F1017FC409305FF8A87AEEB35F8E33E212EF881260BFE8D6B9E4ECB665DB4779927DF16F70971C10F3459F0477B69F12D7B057FDC26C0053FD08CC1FFEEBB69C5C353F62EF3E4DBE23E212EF881260AFE3832F78587AEEDB5C61FF7397A57F003CD10FC7924BF76C5BCB474C6F85E43BFDEE231F158A37FC10F0CD1E07FAF51BED1BFE0079A2CF80F6494BFBFD1BF5017FCCD62D8B061871F7FFCF117E6D691DBFADCB6E5964A6D676E1B73EB6C6F6F9F326AD4A823F4DA2097523A62E6CC99F75E77DD759B274D9AD4F59DEF7C27E57F5CF10F1D3972643AEBACB3D2840913B64F9C3871CDD8B163BF5D95E07FBFA15F6F425DF00F75C3870F3F2AE7C0821CE6DB7B04FD7E5B5B5BDBAE5AADB63C5F7E512F0E327FFCE31F474C9B36EDED33CF3C338D1E3D3ADD74D34DE991471E496BD7AE4D5BB76E4D61FBF6EDC52909172D5A946EBDF5D674DA69A7A53163C6748D1F3F7E61FEA71ED9CCC1AF09FE2A8FF07370CFC8819F0E26F07B699D3E010C8E11FE91F3E6CDDB70C61967A43CC24F4F3FFD7411F0076AF9F2E5297F3A48279F7C72CA9F0E260A7E4DF0378FE38E3BEECB7950B7B56780C7E070EAD4A9C5E070CD9A35BB0787711983C3C71F7F3CDD7CF3CD69DCB8717B857FDE886C696D6D3D46EF0EE028FFEAABAFEE8A7FCE92254BD2A178EEB9E7D2D8B163D3A9A79EFAFA50DFA20B7EC1CF6187E5803E79C48811BBCAA17DF6D96717A1BE73E7CE03CE86C896F1E3C7F7DC0074E5E79FA8971B6CD3A64D63274C9890AEB9E69AF4F6DB6FA7BE105BFB78BED34F3FFDCDA15CFA11FC825FE8D74E2E9776F206204D9F3EFDA002BFA7193366ECDE5F581AFD0BFF468EF423F47FF4A31F1DD23FB23753A64C8991FF9FA23628F835C13FF4CA3B39F4BBCA659D175E78A14FB261D5AA5529CACAE591BFB24F836AFA51DE8991797F847EDD55575D954E38E1849705BF26F8878E18AC956BFA11FA51B3EF4BF17CE5F08F9ABF1DBEFD2C76E4464DBFAFCA3BFB2BFB9C76DA695DF945344EF06B827FC894786694CB3B7D35D2DFD7C8BF47D9E731BDDF8F259ED8D2C6CC9D46881DBEB17368A8D5FB05BFE0AFA298A75FAEEB474DBF3F45CDBF5CEF8F1293FF423F8879FA3165B391BEFFFDEFC7C11ED305BF26F807B73838AB3C7BE760A675BF5FE79E7B6EB9E4B3DC7FA1EF6BFB47C4C1598D1AEDD73DFBECB371E4DE8EA1B4A357F00BFE2AD6F6CB47E4C694CD46883C2A1FE1DB4C07820E9630FB5DECA8E9CF1DBABD19356A541CB27DF22018D16CCC2FACD1825FF0576C24FF9EAFFB985659DEA1DBC89C281FE4156BFBF88FF5A1587B279661180893274FDE120B3A0D823740FD05B6717F1B22C12FF89B2CF8DFF375DFBDE05AF1B81B6FBCB1A1F910CBBF949774F01FEB43B1E05A1C5E3D101E7EF8E158ADEFD541F406A8B7F5FB1A09097EC1DFA4C1DFEBEBBE7B95CDE2FE46E74494954AE59E37FCC7FA50ACB2190BAE0D840D1B36C4C120DB06E11B60F748A8FC4610FC82BFC9837FAFD77DBEDC5DDF6F744EC4BCFEF292CEFE637D289654AE2FA4D468313B20FEA983F80DB07B24141F8505BFE0AF48F0EF7EDD97BF6E744EC4CF2BFF7CFFB13EFEE70FA43E58CEB5614DF00F5C1B4AAF93666D039D0FD2BA0F9D74D2490339E2EF1AE423FECD31ABA13EE554F01BF15764C4BFFB756FC4DFA4BEFDED6F0F588D7FDDBA75DB07698D7F8FC01F6C35FEFCABECB335EA7EC1DFB4C1BFD7EB5E8DBF495D74D145DB066A56CFCC9933D70DB2593D9BF20BFDD2DE0E2A1B4CC1BFBFDBFAFB7EC1DF74C1DFEBEBDEAC9E2675C92597BC3C50F3F8274C98F0DA2099C7BFCF117E9582FFF0C30F4F2FBEF862BAF3CE3B537E4D1487E697CFA91C27D3B9F2CA2BD3EDB7DF5E9C5D4DF03745F0BFE7EBDE3CFE2695DFD0FF18E7C81D88237763C986C170E4EE816AC6E07FE79D77D2030F3C5004FB819E53391E176BA9C4625A6FBDF596E06F62F14960A08EDC8DA5641CB9DBBFE1BFABD16BF57476764699C75A3DBDB435EBDE4CE3AE9957B46F5F3B3FDDF7F01FFA3CF89F7CF2C9F4E7732A5F91CEFDC9FCF7754EE50883A79E7AAA78BEF57FDAB4FB778EF69DEBE6F769F05F377F7B87776B6375EFE0DD69AD9E2674E18517CEBFFCF2CB1B1AFCA79C72CA6B56E7ECBDCD7F6255BAE7C1E78BEB1BDED89CCEFEC9823E0BFEA38E3AAA381B5AFD9CCACFBCB421FDECBEA5EF7B89ED789E3881CFFCC52BD39DF39EEDB711FFB86BE77779B70E4849E8B1F2EA9C8D18F597CFC56B75CE7E1267B9F9E637BFD915A3B84678F4D14737C468DF7AFCBDB7A9BF599296BDF87A717DC52B1BD2A4DB1F2BAEBFBD794BFADF279C97BEFBE305E9C21B3AD2A267D714B7FF9B7FF7B1F4CFB77416D73FF5DFFE679A36635971FDB167D6A48B7FFE503AE9C29B8BEF99FFF84BC59B6AF2353F4997DFF668BA203FC7DD0FBE90EE59B822EDD8B1A328FB8CBEE0AA3466D2FD69ECE459E9EFFEEFE874C41147A4CF1CF5D934F68AFBD3653FBB3F5D75E7A274EEF50FA65DBBBAD22BAFBF5D7C1DA3FFF3AFBE272D5EFECA3EFF9E0B7EDA91B66CD99A5E5AF3A774E51D8BD2A677B6A4DB662F2F7EA7FF77E3EFD39215AFEDF1FBC6DF12F72DC81BC0B8BDFC49C23BB6B1623DFE3815A2F5F89BD098316326C4C7FEFE3E03D7962D5B76C532AFCEC0D57BDBBAF5DDA24C522E99D4370231A2FEEC978E4D1FF8C007D291FFF1AFD229FF7C77319AFFABCFFDFDEEB0FFDCDFB7A6BFFD3F2715B77FFEABEDA9FD9CA9E95F7DF88834FBB117D33997DD529C53391EBBF8B9D78AFFC9CD0F2C4BDFBBF267E9939FFC64FACA57BE92AEBDF6DAD4F9E863E9E9156B8B4F1AC59BB163493AEFBA07D23F1CD39A3EFEF18FA7F3AEBA27BDF2DA9BC52785E75FF953EAEAEA4A675D33778F808E56FF9B6E98FE54B101BB7DCE33A9E3A957D25DF9EFF8F5FCE78ABF35CA5A17FDECF7C5E3663CF262FA51DE206D7C73739AF7F8AAE23171FBDDBF9B9DCEFDE9A36F79A70ED8A8BFA35167E08A638B9C81AB814E3BEDB4B593274FEECF8F725DF967ACCB1FDD560EC5FE6954F02FFDC3EB4550D6BF5EBBFEAD62641ED72388DFC923E7FAE8FF9C290F16D76F7960697A64D9EAE2FA4DF73F5D8C9CE37A04FCA3CBFF7CFBC41FDF9D7E70CDCDC5FF379E67E7CE5DC579118E1F7B793AE11B63D28A152BD2C34BD7E44F12BFCF41FC50BAEC978FA63BE63D57FCE3663DB62A2D7CEAD5E27A3CEE5B175E9FBEDE7646FADECF1716B745F8C7462046FE51F6E9F93745D9EAE1A75FDD3DF28FDFBBBC8188D17DCFDF373672F5BFE3EA5BE7A66752FABE77E9C05505E21CB8FD7DCEDD3C0075CEDD81D891933B7E43BC79FB21FCBBC68F1FFF4ACCDB1FAAFFCC46057F8C861F7C72D5EEAF23FCEA659CF3AE5F98FEF0EA8662A43C77F14B45B9246EBFE6AEC5E9D997D6152D76063FB76A5D71FB4FEE7EA2B81E3B72C7FDF0B6F4D4F3ABFF7C86A3EB1F4CF7CD5E98FEE6BFFF8FFCF8B9C5883DC4A78B871E599C6EF9D53DE93B573F904E3BF3BC74EAA9A7A6F327FF4BFAE9B47B8B9D7BF1DA888DC077AF9B93BEF0E5E145FD3D4A450F2D5D5DCC048A8302EB3B7CCB7F438CE4EB23F8D890C548BFE7DF5EFF7DE3FA4F7FBBA4F87BE2FAF953E62AF10CB0D6D6D663CA259F08FFBE1AF9C748BF1CFAF173E2E7E9F50686FF29A79CB2EE8A2BAE28A6FAF55579E7F4D34F8F9DB9AF0EE5BDF38D0AFE08F9F28C9EA8EFBFBCF68DE2BEC79FFB6351138F11F22F672D2F46FD71FBBD0B9F2F423B6EAB8FAAE3F608F8B7DFDE54CCDE89993B31CA0FD3E73F914E9F745FBAE486D9E9F2FCFC61F5EAD5E9ECCB6E49E3AE9E936F9F953F15CC4FBFFAD51DC514CEF3AF5F907E75C79D71EC45B18F60FE63CFA54B6EEE2C42FFA31FFD68BAE8C607F72AF35C3AAD73F7DF14BF7FDC560FFBD83711FB28E2EF888D56D4FEEBBF6FFD771F3F7561713D3672E7FD645EFADEEDCFAFF40E1DF0F03FA71CFE51F6899AFFA10C14A3A6DFA3BC13A3FD897A7B00C27FE4C8912BBFF5AD6F75C5C8ED5077E4464D3FCA3B43FD63DB505DAB2776D896CFA91C3B713FF399CFA469D3A6FDF9A3581EEDFFEE77BF2B46F68B172FDEE3FF77D75D7715ADACA3A3238D9978439A7ADB8CE27BE3A0AE78BE78DEBAD84F70EFBDF79AC75F81F0AFCFF6891962073B653306123D968DE812FA032C76C09E70C2093B2FBAE8A21DB1013898AD7A0E90F5B1CFA07BF6CEB866E88FA11AFC31DDB27C9C464CDD2DAFB618A17FFEF9E7A7F5EBD7EF73BE7ECFD95EB17F60EA3D8F17DF13DF5B5F45F1D24B2FDD639A677C74CF9FF6047F93967DCA35FF72F9278EF08D83FDCA0701C665D4F063E3109F20CB0767956BFACA3B8344F74E9D3B63D47EE2892776E591E396071F7C70E76BAFBDB6AB7EC04FACB2190BAECD9A356B432CC31047E446E0C73CFD663AF06228067F2CC3503EE23246E59FF8C4278A1DB4F5F24E8CF4376EDC78D09FE66243913F1516CF11CF17B37DCA2B3846F0F7D5F20E827F70664379B6CF21B6C7ECC81DA4F23F67646E73727B791F5BFB6D51C38F3535621986A174446E33077FACBD535E8B29EAB1316533C4C620EAF57943DE6BB8EFABD4D3B3EC13CF11CFF5B5AF7D6D8FC74629E9B6DB6E13FC4D2EE6F9E7F7FC13E5237C0FA4C511B97170561E547E5D2F22F8FBB0C5D4CAF2AA8AB1F05AD4DFEBAB1F468D757FDE2BF8BB17DB2B9EEB861B6ED8A38414FB0B629280E0AF8618EC75AFEDD3D17DFEDEED3D833E56D98CC161ACBD631906047F3FB5D8E9565E473D76C246FDB51EEAF189E05083FF8E3BEE48BFFEF5AF8B63023EFDE94FEFBE3DCA47679D7596E007047F235BCF732A7FE4231FD93DFB268EE0DDDFE27CCB962D2BF60FC4EAAD4B97F6BE964FECF88FE70AB1BC43F99CCAF1F3053F20F81B7CAEDAB2FC67ECBE1E3B756386458CE8F7B54E537C5AA87F4C8FF0EF39FA8FEF89AFE339E2B97A3E7F7DB68FE007047F035BD4F47B1BF1BF57F05F70C1057B4CD33B90E037E20704FF00B738614A6F35FE28CFECEF00BD988B1FE11F23FF28FBBC57A9A7678D7FC3860D6AFC80E06F74BBFAEAAB7B9DD513A3F5D8317BA8EA3B77CDEA0104FF206811C8BDCDE33F90E99C0778EEE4E2B97ACEE3BFE5965BCCE307047FA35B1C51DBDB91BBF503B8E220ACF7AB7E00D7F3CF3FEFC85D40F00F9616C1DCDB5A3DB1DC422CBBB0AF757A0E66C9869E6BF53CF3CC33D6EA0104FF40B5F8BDF7B73AE7C12ED2560FFDFA226DFB5A9D338E18B63A2720F807A86DDEBCB9588FBF1CE03103274A3351F3AF2FCB1CA3F79E659FDE96658EC7C6F7CC9A35AB588FBF7C80577DB4FFD65B6F097E40F00F548B2997B13C73F99CCA11E011FEF5917F946CA22C143B6B63A64E7C4FCCD18F16D7E3B6FA8958E2B131D28FD08F7E299D74A798C2D9F30C5C821F10FC03D07EFCE31F172598F2791562E41F659AA8D1D777F8C60C9D980D1473F3E3C0AC68713D46FE715FECC88DC7C7F7F55CCA219E7F5FE7DC15FC80E01F8016A3F108E52953A6EC11FE519B8F1DBE31FA8FA99E31CF3F0EF22AD7EC63A310F3F463CA663C2E76E496EF0FBFFCE52F8B79FB515A12FC80E01F44E17FD55557151B809EE7548E208F9A7F1CE415A3F958DE21FFD9C5320C71446E8CF2A3BCB369D3A69EE7542E3E4D44E8F7655D5FF003036EEEDCB9433EF8EBE11F41DDF3948CEF47ECC88D9A7E6C48FA63A42FF88101D5D1D1B12BCE1BDA0CE15FDFE11BB36FAEBCF2CAF4C4134F1CD43995631D9FD878C4F7F7F58EDC9E6DF5EAD52FE7E0DFE6150834DCBC79F37EB060C182AED75F7FBD69C23F46E977DF7D776A6F6F2F8EF0FDC52F7E913A3B3B53FC8DA5732A170BAEC5DA3BB10C43847DB498A7DF5FA59D72E8CF993367476E93BC028101910368621E7D6E8ED243B3B4C9932717D334A37E1F3B796345CED8088C1831A2A8EBC765CCDB8F03B662A76EECC49D397366A37EBF6D421FA06F7D3087FBF65AAD76B2AE00A880D6D6D67372F06FD11300159147FAABDBDADA6ED5130015D0DEDEFED93CDAEFCAC17FA4DE00A8801CFA73735BA627002AA0A5A5E54339F477E6769CDE00A880B6B6B6EFE7F6B69E00A8883CD25F5FABD5AED7130015D0DADAFA7779B4BF6BD4A85147E80D806A8CF63BF3687F919E00A8809696960FE7E0DF9547FC5FD51B00159047FAD7E4E0DFA827002A2287FE9BEDEDED97EB09800A686D6D3D3AE6EE0F1B36EC70BD015001B55A6D490EFE857A02A0028E3EFAE88FE4E0EF1A3162C4E7F5064005E491FE2F725BAB2700AA13FC9B73BB504F005423F447E6B6235FFDA0DE00A846F03F9FDBFD7A02A01AA1FF1FE2642BC3870FFFB4DE00A880B6B6B6BB72F0AFD21300D519F1BF5BABD5CED013001510811FC1AF2700AA33DA7F394A3D7A02A002468C18F1D7B1533776EEEA0D800AA8D56A33621AA79E00A8808B2FBEF82FE280ADB6B6B613F4064005E4D09F104B34E80980EA04FFDA3CDAFFB99E00A846E87F21965F8E6598F5064035827F616E4BF4044005C42915E3D48AB9FD83DE00A88038897AAD567B434F0054441EE96FCCC17F8D9E00A880B6B6B6AFE6E0DFD5D2D2F261BD01508DE05F9C83BF534F0054C0A851A38E88D17E0EFF2FEA0D800AA8D56A5373F0AFD31300D509FEB7DBDBDB2FD11300D508FD9698BBDFD2D2F221BD01508DE05F9E837F8E9E00A880638F3DF66371B295F6F6F6CFEA0D800AC8A17F5B6EAFEA0980EA04FFD6DCBEAB2700AA11FADFCC6D5BBEFA41BD01508DE05FD5DADAFA1B3D015001EDEDEDFF25077F6A6B6BFB96DE00A88838B562947AF2E5917A03A02272F03F9BDBCB7A02A022BA1767DB92DB1D7A03A022DADADABE142B73B6B6B69EA43700AA13FE97E6F0DF51ABD5FEABDE00A8881CFA8B72F8BF7E9879FD00D5306CD8B0C3F3C8FFAD1CFE33F5064045B4B4B47CAEFB4C5CE3F4064045B4B6B69E13EBF30F1F3EFC28BD015011B55A6D5E6E6F38390B40455C7CF1C57F91837F7D1EF977EA0D80EA8CFA3FD53DC573A2DE00A888EEA59B6367EF17F5064045E4D0BF2787FFE69696960FEB0D808AA8D56AAB735BAA27002AE2C4134FFCCB3CEADF9EDBB57A03A02272E81FD7D6D6B6ABBDBDFDEB7A03A022E2E42DB55AEDDDA38F3EFA237A03A03AE1FF420EFF957A02A0225A5A5AFEEDF1C71FBF35B7697A03A03AA3FEAF46BD3F877FBBDE00A8885AAD362966FA7CE31BDFF84F7A03A03A23FF2773F8AFD513001571CA29A7FCEB1CFC9B729BAE37002A2287FE17A2DE9FDB68BD01509DF0BF304EDE3262C488BFD61B00D509FF85B96D8CB5FCF506400544E047F0C706406F005444947AA2E413A51FBD015011B193B7FBE0AE2FE80D808A88E99D31CD33A67BEA0D80EA84FFDA38C04B4F0054442CE5104B3AC4D20E7A03A03AA3FEF6EE83BBBEAA3700AA13FED36219E758CE596F0054449CB8254EE0A227002A62E4C891FF3E4ED918A76ED41B0015112769EF9EDF7F9CDE00A8881CFAD7C64C9F134F3CF12FF5064045D46AB5A5B9ADD6130015D1D2D2F2E13CEADFDCD6D6768FDE00A8881CFA5FCCE11FF5FE6FEA0D808AA8D56A1373F0EFC8979FD21B00159183BF3307FFFAF2C95BBA977A7879D8B06187EB218026D3D2D2F2A11CFC6FE436AFFB53C0C9F12920B7D4DADA7A8C1E026842C3870F3F2A4EDE9243FFA908FC7ACB5F5FA377009A540EF93F9443BFBB75E81980E61CED6FDC47E8477B4D0F013491B6B6B671DD4B38A45E5AD7A851A38ED05300CD13FC97E670DFB69FE08F36524F013499D8891BEBF5EF2BF8DBDBDBA7E82180E6DD004CCA6D4B39F8F3A78227F40C40936B6D6D3D2787FE5BDDE1BF538F0054440EFD1FC60EDEFC29E07ABD013008A5940E5FB972E5AB9D9D9D69EEDCB969F6ECD9DAFB6873E6CC490B172EECCACDFE0D60708BD0EFE8E848EBD6AD4BDBB66DD30EA1AD5FBF3E2D58B0A02B6F042679650183568CF4857EDF867FFE04B0CD2B0B18B4A2BC23B0FBB645E9C72B0B18B422A484B5E00704FF5E6DF39B6BD3CA4537A5E573BE57B4B81EB7097AC10F3461F06F7A634D5A3673427AEABEB3F768715BDC27EC053FD064C1FFEAF2DFEE15FAF5B67AF974612FF881660BFE67E75FD66BF0C77DC25EF0034D16FCCB665FDC6BF0C77DC25EF01F88381FF3F1C71F7F619CAC27B7F5FB58E57567F7791E3A63A13FCB7B83E017FC4354F7897B16E430DFFE1ECB79A71E8BFDEDAAD56ACBF3E517F5223438F863164F6FC11FF7097BC1DFDB083F07F78C1CF8E96002BF97D6E913003430F8573C745DAFC11FF7097BC1DFD371C71DF7E53C52DFEB7C0DA3478F4E53A74E4D8F3CF2485AB3664DDABA756B0A711947903FFEF8E3E9E69B6F4EE3C68DDB2BFC63F9EFD6D6D663BC6BA101C1BF71CDD369D9AC8BF62EF3E4DBE23E612FF8CB72409F3C62C4883D4ECF79F6D96717A1BE73E7CE74A0962C5992C68F1FBFD7A93DF3F34FF4CE857E0EFE682F2DBE65AFE08FDB04BDE0EF19FAE5D24EDE00A4E9D3A71F54E0F73463C68C346AD4A89EA37FE10FFD1AFCEFBE9B563C3C65EF324FBE2DEE13F682BF5EDEC9A1DF552EEBBCF0C20BA92FAC5AB52A9D71C6197B8CFC957DA09F823F8ECC7DE1A16B7BADF1C77D8EDE15FCB123B75CD38FD08F9A7D5F8AE72B877FD4FCEDF085BE0CFE3C925FBB625E5A3A637CAFA15F6FF19878ACD17F75833F66EF94CB3B7D35D2DFD7C8BF47D9E731EF62E883E07FAF51BED1BFE02F8B79FAE5BA7ED4F4FB53D4FCCBF5FE28317927C32106FF818CF2F737FA17FCD50AFE3838AB3C7B67FBF6EDA9BF9D7BEEB9E592CF72EF6438C4E07FBFA15F6F82BF3AC11FB5FDF211B93165B3119E7EFAE93D8EF0CDED48EF663884E0D704FF8811233E9F47D2CFC5E5FE1E17D32ACB3B740F65DAE6C12A1FE4156BFB783783E017FC8720D6C72997527A5B2FA77BC1B5E27137DE78636AA45B6FBD758F251DBC9B41F00BFE4310D324F7B15ECE8AFC09A0D623F8D7D7EF8F65181A29CA4AA572CF1BDECD20F805FF21DACF82691B73D08EEEFE64B0BBBEBF76EDDA86067FCCEB2F2FE9ECDD0C825FF0F75FF0D7DBFAF2D7F505D71A257E5EF9E77B3783E01FD0E08FD92E512E39F6D8633F3672E4C8FF3C7CF8F04FB7B7B77FB656ABFD6D1E257F295FFEAFD6D6D6A3F3654BFEFA841C5CFF14A3E8DCC6E5DBCF891396E4C75F922F7F98BFBE325F5E9B1F3B35DFFFF37C7D5ABEEF57F9F6BBF3D7BFCD5FDF9FDB9CEE6995BF8F7A77BE7D71BE5C92BF6769BE7C267FFD42BE7C31B755F9FAABF9F28FB9BDD61DDE1BF3E3DEC8B7BF95AF6FCAED9DDCB61EECD2C90341F083E01F142D07E81E6BCA448B2987F932DA8EDCB6779F7DEADDDCB6E4D08DA0DD14C11BB5EAEEB350ADCFB74730AFE90EEA08EC3FE4CBE723C823D0F3D74FE6CB4511F4DD813F3F7F3D3B360479A3F09B7CF92FB181880D45FEFA67F9BEEB6303121B92FCBD9776CFC8B9B07B4333365F9E1A1BA0DCDA733B6E3F21BF257FFF152D2D2D1F35E207C1AF3551A9A77B63D5F3D48837C6A799D263D4F841F0BF77CB3F769FAD51F70BFE03AEF1EF289D02F1CE7D1D2465560F08FE030EFEFDDDD6DFF70BFE030EFE283DDDB3BF1530CDE307C12FF89B28F8CB259DFD94832E1DA82377CF3CF34C47EE82E017FC03B171E8AEFD5BAB0704BFE0AF8A5813BFBC3A672346FDE573F15A9D1304BFE06FB0588FBF7BDAAAF5F841F00BFE0A8DFA3B1A7506AE934E3AC919B8602806FF61A673369598F913E7C0EDEF73EE8E1933C63977612806BF03B89A536B6BEB31E5924F847F5F8DFC63A45F0EFDF839F1F3BC8341F00BFE810FFF73CAE11F659FA8F91FCA0EDFA8E9F728EFC4687FA2772F087EC13F48C3BF3EDB67C99225073D6573C284093DD709EA12FA20F805FF202DFB946BFEE5F24F1CE1BB68D1A2626D9FFAC26E711935FCD838C411B9E583B3CA357DE51D10FC827F10EB3E8B57C7C12EEFDC4B7BCC8E5C10FC827F888879FE79B4FE44F908DF0369DD8BC32D6F6F6FFFBA5E04C12FF887A058DEA17B6D9FF814B0BEBCA47369E985381F4167ACBD63190610FC821F40F00B7E00C12FF80104BFE00710FC821F10FC9AE00704BF26F801C1AF097E60C89B3B77AEB016FC4095747474EC8AC5B10476DFB4D5AB57BF9C837F9B57163068CD9B37EF070B162CE87AFDF5D705771F84FE9C397376E436C92B0B18D472504DCCA3D4CD51A2D00EA96D13FA0000000000000000000000000054CEFF076FED851B8EA64D050000000049454E44AE426082, '1');

-- ----------------------------
-- Table structure for `act_ge_property`
-- ----------------------------
DROP TABLE IF EXISTS `act_ge_property`;
CREATE TABLE `act_ge_property` (
  `NAME_` varchar(64) COLLATE utf8_bin NOT NULL,
  `VALUE_` varchar(300) COLLATE utf8_bin DEFAULT NULL,
  `REV_` int(11) DEFAULT NULL,
  PRIMARY KEY (`NAME_`)
) ENGINE=InnoDB DEFAULT CHARSET=utf8 COLLATE=utf8_bin;

-- ----------------------------
-- Records of act_ge_property
-- ----------------------------
INSERT INTO `act_ge_property` VALUES ('cfg.execution-related-entities-count', 'false', '1');
INSERT INTO `act_ge_property` VALUES ('next.dbid', '5001', '3');
INSERT INTO `act_ge_property` VALUES ('schema.history', 'create(6.0.0.4)', '1');
INSERT INTO `act_ge_property` VALUES ('schema.version', '6.0.0.4', '1');

-- ----------------------------
-- Table structure for `act_hi_actinst`
-- ----------------------------
DROP TABLE IF EXISTS `act_hi_actinst`;
CREATE TABLE `act_hi_actinst` (
  `ID_` varchar(64) COLLATE utf8_bin NOT NULL,
  `PROC_DEF_ID_` varchar(64) COLLATE utf8_bin NOT NULL,
  `PROC_INST_ID_` varchar(64) COLLATE utf8_bin NOT NULL,
  `EXECUTION_ID_` varchar(64) COLLATE utf8_bin NOT NULL,
  `ACT_ID_` varchar(255) COLLATE utf8_bin NOT NULL,
  `TASK_ID_` varchar(64) COLLATE utf8_bin DEFAULT NULL,
  `CALL_PROC_INST_ID_` varchar(64) COLLATE utf8_bin DEFAULT NULL,
  `ACT_NAME_` varchar(255) COLLATE utf8_bin DEFAULT NULL,
  `ACT_TYPE_` varchar(255) COLLATE utf8_bin NOT NULL,
  `ASSIGNEE_` varchar(255) COLLATE utf8_bin DEFAULT NULL,
  `START_TIME_` datetime(3) NOT NULL,
  `END_TIME_` datetime(3) DEFAULT NULL,
  `DURATION_` bigint(20) DEFAULT NULL,
  `DELETE_REASON_` varchar(4000) COLLATE utf8_bin DEFAULT NULL,
  `TENANT_ID_` varchar(255) COLLATE utf8_bin DEFAULT '',
  PRIMARY KEY (`ID_`),
  KEY `ACT_IDX_HI_ACT_INST_START` (`START_TIME_`),
  KEY `ACT_IDX_HI_ACT_INST_END` (`END_TIME_`),
  KEY `ACT_IDX_HI_ACT_INST_PROCINST` (`PROC_INST_ID_`,`ACT_ID_`),
  KEY `ACT_IDX_HI_ACT_INST_EXEC` (`EXECUTION_ID_`,`ACT_ID_`)
) ENGINE=InnoDB DEFAULT CHARSET=utf8 COLLATE=utf8_bin;

-- ----------------------------
-- Records of act_hi_actinst
-- ----------------------------

-- ----------------------------
-- Table structure for `act_hi_attachment`
-- ----------------------------
DROP TABLE IF EXISTS `act_hi_attachment`;
CREATE TABLE `act_hi_attachment` (
  `ID_` varchar(64) COLLATE utf8_bin NOT NULL,
  `REV_` int(11) DEFAULT NULL,
  `USER_ID_` varchar(255) COLLATE utf8_bin DEFAULT NULL,
  `NAME_` varchar(255) COLLATE utf8_bin DEFAULT NULL,
  `DESCRIPTION_` varchar(4000) COLLATE utf8_bin DEFAULT NULL,
  `TYPE_` varchar(255) COLLATE utf8_bin DEFAULT NULL,
  `TASK_ID_` varchar(64) COLLATE utf8_bin DEFAULT NULL,
  `PROC_INST_ID_` varchar(64) COLLATE utf8_bin DEFAULT NULL,
  `URL_` varchar(4000) COLLATE utf8_bin DEFAULT NULL,
  `CONTENT_ID_` varchar(64) COLLATE utf8_bin DEFAULT NULL,
  `TIME_` datetime(3) DEFAULT NULL,
  PRIMARY KEY (`ID_`)
) ENGINE=InnoDB DEFAULT CHARSET=utf8 COLLATE=utf8_bin;

-- ----------------------------
-- Records of act_hi_attachment
-- ----------------------------

-- ----------------------------
-- Table structure for `act_hi_comment`
-- ----------------------------
DROP TABLE IF EXISTS `act_hi_comment`;
CREATE TABLE `act_hi_comment` (
  `ID_` varchar(64) COLLATE utf8_bin NOT NULL,
  `TYPE_` varchar(255) COLLATE utf8_bin DEFAULT NULL,
  `TIME_` datetime(3) NOT NULL,
  `USER_ID_` varchar(255) COLLATE utf8_bin DEFAULT NULL,
  `TASK_ID_` varchar(64) COLLATE utf8_bin DEFAULT NULL,
  `PROC_INST_ID_` varchar(64) COLLATE utf8_bin DEFAULT NULL,
  `ACTION_` varchar(255) COLLATE utf8_bin DEFAULT NULL,
  `MESSAGE_` varchar(4000) COLLATE utf8_bin DEFAULT NULL,
  `FULL_MSG_` longblob,
  PRIMARY KEY (`ID_`)
) ENGINE=InnoDB DEFAULT CHARSET=utf8 COLLATE=utf8_bin;

-- ----------------------------
-- Records of act_hi_comment
-- ----------------------------

-- ----------------------------
-- Table structure for `act_hi_detail`
-- ----------------------------
DROP TABLE IF EXISTS `act_hi_detail`;
CREATE TABLE `act_hi_detail` (
  `ID_` varchar(64) COLLATE utf8_bin NOT NULL,
  `TYPE_` varchar(255) COLLATE utf8_bin NOT NULL,
  `PROC_INST_ID_` varchar(64) COLLATE utf8_bin DEFAULT NULL,
  `EXECUTION_ID_` varchar(64) COLLATE utf8_bin DEFAULT NULL,
  `TASK_ID_` varchar(64) COLLATE utf8_bin DEFAULT NULL,
  `ACT_INST_ID_` varchar(64) COLLATE utf8_bin DEFAULT NULL,
  `NAME_` varchar(255) COLLATE utf8_bin NOT NULL,
  `VAR_TYPE_` varchar(255) COLLATE utf8_bin DEFAULT NULL,
  `REV_` int(11) DEFAULT NULL,
  `TIME_` datetime(3) NOT NULL,
  `BYTEARRAY_ID_` varchar(64) COLLATE utf8_bin DEFAULT NULL,
  `DOUBLE_` double DEFAULT NULL,
  `LONG_` bigint(20) DEFAULT NULL,
  `TEXT_` varchar(4000) COLLATE utf8_bin DEFAULT NULL,
  `TEXT2_` varchar(4000) COLLATE utf8_bin DEFAULT NULL,
  PRIMARY KEY (`ID_`),
  KEY `ACT_IDX_HI_DETAIL_PROC_INST` (`PROC_INST_ID_`),
  KEY `ACT_IDX_HI_DETAIL_ACT_INST` (`ACT_INST_ID_`),
  KEY `ACT_IDX_HI_DETAIL_TIME` (`TIME_`),
  KEY `ACT_IDX_HI_DETAIL_NAME` (`NAME_`),
  KEY `ACT_IDX_HI_DETAIL_TASK_ID` (`TASK_ID_`)
) ENGINE=InnoDB DEFAULT CHARSET=utf8 COLLATE=utf8_bin;

-- ----------------------------
-- Records of act_hi_detail
-- ----------------------------

-- ----------------------------
-- Table structure for `act_hi_identitylink`
-- ----------------------------
DROP TABLE IF EXISTS `act_hi_identitylink`;
CREATE TABLE `act_hi_identitylink` (
  `ID_` varchar(64) COLLATE utf8_bin NOT NULL,
  `GROUP_ID_` varchar(255) COLLATE utf8_bin DEFAULT NULL,
  `TYPE_` varchar(255) COLLATE utf8_bin DEFAULT NULL,
  `USER_ID_` varchar(255) COLLATE utf8_bin DEFAULT NULL,
  `TASK_ID_` varchar(64) COLLATE utf8_bin DEFAULT NULL,
  `PROC_INST_ID_` varchar(64) COLLATE utf8_bin DEFAULT NULL,
  PRIMARY KEY (`ID_`),
  KEY `ACT_IDX_HI_IDENT_LNK_USER` (`USER_ID_`),
  KEY `ACT_IDX_HI_IDENT_LNK_TASK` (`TASK_ID_`),
  KEY `ACT_IDX_HI_IDENT_LNK_PROCINST` (`PROC_INST_ID_`)
) ENGINE=InnoDB DEFAULT CHARSET=utf8 COLLATE=utf8_bin;

-- ----------------------------
-- Records of act_hi_identitylink
-- ----------------------------

-- ----------------------------
-- Table structure for `act_hi_procinst`
-- ----------------------------
DROP TABLE IF EXISTS `act_hi_procinst`;
CREATE TABLE `act_hi_procinst` (
  `ID_` varchar(64) COLLATE utf8_bin NOT NULL,
  `PROC_INST_ID_` varchar(64) COLLATE utf8_bin NOT NULL,
  `BUSINESS_KEY_` varchar(255) COLLATE utf8_bin DEFAULT NULL,
  `PROC_DEF_ID_` varchar(64) COLLATE utf8_bin NOT NULL,
  `START_TIME_` datetime(3) NOT NULL,
  `END_TIME_` datetime(3) DEFAULT NULL,
  `DURATION_` bigint(20) DEFAULT NULL,
  `START_USER_ID_` varchar(255) COLLATE utf8_bin DEFAULT NULL,
  `START_ACT_ID_` varchar(255) COLLATE utf8_bin DEFAULT NULL,
  `END_ACT_ID_` varchar(255) COLLATE utf8_bin DEFAULT NULL,
  `SUPER_PROCESS_INSTANCE_ID_` varchar(64) COLLATE utf8_bin DEFAULT NULL,
  `DELETE_REASON_` varchar(4000) COLLATE utf8_bin DEFAULT NULL,
  `TENANT_ID_` varchar(255) COLLATE utf8_bin DEFAULT '',
  `NAME_` varchar(255) COLLATE utf8_bin DEFAULT NULL,
  PRIMARY KEY (`ID_`),
  UNIQUE KEY `PROC_INST_ID_` (`PROC_INST_ID_`),
  KEY `ACT_IDX_HI_PRO_INST_END` (`END_TIME_`),
  KEY `ACT_IDX_HI_PRO_I_BUSKEY` (`BUSINESS_KEY_`)
) ENGINE=InnoDB DEFAULT CHARSET=utf8 COLLATE=utf8_bin;

-- ----------------------------
-- Records of act_hi_procinst
-- ----------------------------

-- ----------------------------
-- Table structure for `act_hi_taskinst`
-- ----------------------------
DROP TABLE IF EXISTS `act_hi_taskinst`;
CREATE TABLE `act_hi_taskinst` (
  `ID_` varchar(64) COLLATE utf8_bin NOT NULL,
  `PROC_DEF_ID_` varchar(64) COLLATE utf8_bin DEFAULT NULL,
  `TASK_DEF_KEY_` varchar(255) COLLATE utf8_bin DEFAULT NULL,
  `PROC_INST_ID_` varchar(64) COLLATE utf8_bin DEFAULT NULL,
  `EXECUTION_ID_` varchar(64) COLLATE utf8_bin DEFAULT NULL,
  `NAME_` varchar(255) COLLATE utf8_bin DEFAULT NULL,
  `PARENT_TASK_ID_` varchar(64) COLLATE utf8_bin DEFAULT NULL,
  `DESCRIPTION_` varchar(4000) COLLATE utf8_bin DEFAULT NULL,
  `OWNER_` varchar(255) COLLATE utf8_bin DEFAULT NULL,
  `ASSIGNEE_` varchar(255) COLLATE utf8_bin DEFAULT NULL,
  `START_TIME_` datetime(3) NOT NULL,
  `CLAIM_TIME_` datetime(3) DEFAULT NULL,
  `END_TIME_` datetime(3) DEFAULT NULL,
  `DURATION_` bigint(20) DEFAULT NULL,
  `DELETE_REASON_` varchar(4000) COLLATE utf8_bin DEFAULT NULL,
  `PRIORITY_` int(11) DEFAULT NULL,
  `DUE_DATE_` datetime(3) DEFAULT NULL,
  `FORM_KEY_` varchar(255) COLLATE utf8_bin DEFAULT NULL,
  `CATEGORY_` varchar(255) COLLATE utf8_bin DEFAULT NULL,
  `TENANT_ID_` varchar(255) COLLATE utf8_bin DEFAULT '',
  PRIMARY KEY (`ID_`),
  KEY `ACT_IDX_HI_TASK_INST_PROCINST` (`PROC_INST_ID_`)
) ENGINE=InnoDB DEFAULT CHARSET=utf8 COLLATE=utf8_bin;

-- ----------------------------
-- Records of act_hi_taskinst
-- ----------------------------

-- ----------------------------
-- Table structure for `act_hi_varinst`
-- ----------------------------
DROP TABLE IF EXISTS `act_hi_varinst`;
CREATE TABLE `act_hi_varinst` (
  `ID_` varchar(64) COLLATE utf8_bin NOT NULL,
  `PROC_INST_ID_` varchar(64) COLLATE utf8_bin DEFAULT NULL,
  `EXECUTION_ID_` varchar(64) COLLATE utf8_bin DEFAULT NULL,
  `TASK_ID_` varchar(64) COLLATE utf8_bin DEFAULT NULL,
  `NAME_` varchar(255) COLLATE utf8_bin NOT NULL,
  `VAR_TYPE_` varchar(100) COLLATE utf8_bin DEFAULT NULL,
  `REV_` int(11) DEFAULT NULL,
  `BYTEARRAY_ID_` varchar(64) COLLATE utf8_bin DEFAULT NULL,
  `DOUBLE_` double DEFAULT NULL,
  `LONG_` bigint(20) DEFAULT NULL,
  `TEXT_` varchar(4000) COLLATE utf8_bin DEFAULT NULL,
  `TEXT2_` varchar(4000) COLLATE utf8_bin DEFAULT NULL,
  `CREATE_TIME_` datetime(3) DEFAULT NULL,
  `LAST_UPDATED_TIME_` datetime(3) DEFAULT NULL,
  PRIMARY KEY (`ID_`),
  KEY `ACT_IDX_HI_PROCVAR_PROC_INST` (`PROC_INST_ID_`),
  KEY `ACT_IDX_HI_PROCVAR_NAME_TYPE` (`NAME_`,`VAR_TYPE_`),
  KEY `ACT_IDX_HI_PROCVAR_TASK_ID` (`TASK_ID_`)
) ENGINE=InnoDB DEFAULT CHARSET=utf8 COLLATE=utf8_bin;

-- ----------------------------
-- Records of act_hi_varinst
-- ----------------------------

-- ----------------------------
-- Table structure for `act_id_group`
-- ----------------------------
DROP TABLE IF EXISTS `act_id_group`;
CREATE TABLE `act_id_group` (
  `ID_` varchar(64) COLLATE utf8_bin NOT NULL,
  `REV_` int(11) DEFAULT NULL,
  `NAME_` varchar(255) COLLATE utf8_bin DEFAULT NULL,
  `TYPE_` varchar(255) COLLATE utf8_bin DEFAULT NULL,
  PRIMARY KEY (`ID_`)
) ENGINE=InnoDB DEFAULT CHARSET=utf8 COLLATE=utf8_bin;

-- ----------------------------
-- Records of act_id_group
-- ----------------------------

-- ----------------------------
-- Table structure for `act_id_info`
-- ----------------------------
DROP TABLE IF EXISTS `act_id_info`;
CREATE TABLE `act_id_info` (
  `ID_` varchar(64) COLLATE utf8_bin NOT NULL,
  `REV_` int(11) DEFAULT NULL,
  `USER_ID_` varchar(64) COLLATE utf8_bin DEFAULT NULL,
  `TYPE_` varchar(64) COLLATE utf8_bin DEFAULT NULL,
  `KEY_` varchar(255) COLLATE utf8_bin DEFAULT NULL,
  `VALUE_` varchar(255) COLLATE utf8_bin DEFAULT NULL,
  `PASSWORD_` longblob,
  `PARENT_ID_` varchar(255) COLLATE utf8_bin DEFAULT NULL,
  PRIMARY KEY (`ID_`)
) ENGINE=InnoDB DEFAULT CHARSET=utf8 COLLATE=utf8_bin;

-- ----------------------------
-- Records of act_id_info
-- ----------------------------

-- ----------------------------
-- Table structure for `act_id_membership`
-- ----------------------------
DROP TABLE IF EXISTS `act_id_membership`;
CREATE TABLE `act_id_membership` (
  `USER_ID_` varchar(64) COLLATE utf8_bin NOT NULL,
  `GROUP_ID_` varchar(64) COLLATE utf8_bin NOT NULL,
  PRIMARY KEY (`USER_ID_`,`GROUP_ID_`),
  KEY `ACT_FK_MEMB_GROUP` (`GROUP_ID_`),
  CONSTRAINT `ACT_FK_MEMB_GROUP` FOREIGN KEY (`GROUP_ID_`) REFERENCES `act_id_group` (`id_`),
  CONSTRAINT `ACT_FK_MEMB_USER` FOREIGN KEY (`USER_ID_`) REFERENCES `act_id_user` (`id_`)
) ENGINE=InnoDB DEFAULT CHARSET=utf8 COLLATE=utf8_bin;

-- ----------------------------
-- Records of act_id_membership
-- ----------------------------

-- ----------------------------
-- Table structure for `act_id_user`
-- ----------------------------
DROP TABLE IF EXISTS `act_id_user`;
CREATE TABLE `act_id_user` (
  `ID_` varchar(64) COLLATE utf8_bin NOT NULL,
  `REV_` int(11) DEFAULT NULL,
  `FIRST_` varchar(255) COLLATE utf8_bin DEFAULT NULL,
  `LAST_` varchar(255) COLLATE utf8_bin DEFAULT NULL,
  `EMAIL_` varchar(255) COLLATE utf8_bin DEFAULT NULL,
  `PWD_` varchar(255) COLLATE utf8_bin DEFAULT NULL,
  `PICTURE_ID_` varchar(64) COLLATE utf8_bin DEFAULT NULL,
  PRIMARY KEY (`ID_`)
) ENGINE=InnoDB DEFAULT CHARSET=utf8 COLLATE=utf8_bin;

-- ----------------------------
-- Records of act_id_user
-- ----------------------------

-- ----------------------------
-- Table structure for `act_procdef_info`
-- ----------------------------
DROP TABLE IF EXISTS `act_procdef_info`;
CREATE TABLE `act_procdef_info` (
  `ID_` varchar(64) COLLATE utf8_bin NOT NULL,
  `PROC_DEF_ID_` varchar(64) COLLATE utf8_bin NOT NULL,
  `REV_` int(11) DEFAULT NULL,
  `INFO_JSON_ID_` varchar(64) COLLATE utf8_bin DEFAULT NULL,
  PRIMARY KEY (`ID_`),
  UNIQUE KEY `ACT_UNIQ_INFO_PROCDEF` (`PROC_DEF_ID_`),
  KEY `ACT_IDX_INFO_PROCDEF` (`PROC_DEF_ID_`),
  KEY `ACT_FK_INFO_JSON_BA` (`INFO_JSON_ID_`),
  CONSTRAINT `ACT_FK_INFO_JSON_BA` FOREIGN KEY (`INFO_JSON_ID_`) REFERENCES `act_ge_bytearray` (`id_`),
  CONSTRAINT `ACT_FK_INFO_PROCDEF` FOREIGN KEY (`PROC_DEF_ID_`) REFERENCES `act_re_procdef` (`id_`)
) ENGINE=InnoDB DEFAULT CHARSET=utf8 COLLATE=utf8_bin;

-- ----------------------------
-- Records of act_procdef_info
-- ----------------------------

-- ----------------------------
-- Table structure for `act_re_deployment`
-- ----------------------------
DROP TABLE IF EXISTS `act_re_deployment`;
CREATE TABLE `act_re_deployment` (
  `ID_` varchar(64) COLLATE utf8_bin NOT NULL,
  `NAME_` varchar(255) COLLATE utf8_bin DEFAULT NULL,
  `CATEGORY_` varchar(255) COLLATE utf8_bin DEFAULT NULL,
  `KEY_` varchar(255) COLLATE utf8_bin DEFAULT NULL,
  `TENANT_ID_` varchar(255) COLLATE utf8_bin DEFAULT '',
  `DEPLOY_TIME_` timestamp(3) NULL DEFAULT NULL,
  `ENGINE_VERSION_` varchar(255) COLLATE utf8_bin DEFAULT NULL,
  PRIMARY KEY (`ID_`)
) ENGINE=InnoDB DEFAULT CHARSET=utf8 COLLATE=utf8_bin;

-- ----------------------------
-- Records of act_re_deployment
-- ----------------------------
INSERT INTO `act_re_deployment` VALUES ('1', 'SpringAutoDeployment', null, null, '', '2020-07-11 12:03:51.947', null);
INSERT INTO `act_re_deployment` VALUES ('2501', 'SpringAutoDeployment', null, null, '', '2020-08-01 21:17:53.437', null);

-- ----------------------------
-- Table structure for `act_re_model`
-- ----------------------------
DROP TABLE IF EXISTS `act_re_model`;
CREATE TABLE `act_re_model` (
  `ID_` varchar(64) COLLATE utf8_bin NOT NULL,
  `REV_` int(11) DEFAULT NULL,
  `NAME_` varchar(255) COLLATE utf8_bin DEFAULT NULL,
  `KEY_` varchar(255) COLLATE utf8_bin DEFAULT NULL,
  `CATEGORY_` varchar(255) COLLATE utf8_bin DEFAULT NULL,
  `CREATE_TIME_` timestamp(3) NULL DEFAULT NULL,
  `LAST_UPDATE_TIME_` timestamp(3) NULL DEFAULT NULL,
  `VERSION_` int(11) DEFAULT NULL,
  `META_INFO_` varchar(4000) COLLATE utf8_bin DEFAULT NULL,
  `DEPLOYMENT_ID_` varchar(64) COLLATE utf8_bin DEFAULT NULL,
  `EDITOR_SOURCE_VALUE_ID_` varchar(64) COLLATE utf8_bin DEFAULT NULL,
  `EDITOR_SOURCE_EXTRA_VALUE_ID_` varchar(64) COLLATE utf8_bin DEFAULT NULL,
  `TENANT_ID_` varchar(255) COLLATE utf8_bin DEFAULT '',
  PRIMARY KEY (`ID_`),
  KEY `ACT_FK_MODEL_SOURCE` (`EDITOR_SOURCE_VALUE_ID_`),
  KEY `ACT_FK_MODEL_SOURCE_EXTRA` (`EDITOR_SOURCE_EXTRA_VALUE_ID_`),
  KEY `ACT_FK_MODEL_DEPLOYMENT` (`DEPLOYMENT_ID_`),
  CONSTRAINT `ACT_FK_MODEL_DEPLOYMENT` FOREIGN KEY (`DEPLOYMENT_ID_`) REFERENCES `act_re_deployment` (`id_`),
  CONSTRAINT `ACT_FK_MODEL_SOURCE` FOREIGN KEY (`EDITOR_SOURCE_VALUE_ID_`) REFERENCES `act_ge_bytearray` (`id_`),
  CONSTRAINT `ACT_FK_MODEL_SOURCE_EXTRA` FOREIGN KEY (`EDITOR_SOURCE_EXTRA_VALUE_ID_`) REFERENCES `act_ge_bytearray` (`id_`)
) ENGINE=InnoDB DEFAULT CHARSET=utf8 COLLATE=utf8_bin;

-- ----------------------------
-- Records of act_re_model
-- ----------------------------

-- ----------------------------
-- Table structure for `act_re_procdef`
-- ----------------------------
DROP TABLE IF EXISTS `act_re_procdef`;
CREATE TABLE `act_re_procdef` (
  `ID_` varchar(64) COLLATE utf8_bin NOT NULL,
  `REV_` int(11) DEFAULT NULL,
  `CATEGORY_` varchar(255) COLLATE utf8_bin DEFAULT NULL,
  `NAME_` varchar(255) COLLATE utf8_bin DEFAULT NULL,
  `KEY_` varchar(255) COLLATE utf8_bin NOT NULL,
  `VERSION_` int(11) NOT NULL,
  `DEPLOYMENT_ID_` varchar(64) COLLATE utf8_bin DEFAULT NULL,
  `RESOURCE_NAME_` varchar(4000) COLLATE utf8_bin DEFAULT NULL,
  `DGRM_RESOURCE_NAME_` varchar(4000) COLLATE utf8_bin DEFAULT NULL,
  `DESCRIPTION_` varchar(4000) COLLATE utf8_bin DEFAULT NULL,
  `HAS_START_FORM_KEY_` tinyint(4) DEFAULT NULL,
  `HAS_GRAPHICAL_NOTATION_` tinyint(4) DEFAULT NULL,
  `SUSPENSION_STATE_` int(11) DEFAULT NULL,
  `TENANT_ID_` varchar(255) COLLATE utf8_bin DEFAULT '',
  `ENGINE_VERSION_` varchar(255) COLLATE utf8_bin DEFAULT NULL,
  PRIMARY KEY (`ID_`),
  UNIQUE KEY `ACT_UNIQ_PROCDEF` (`KEY_`,`VERSION_`,`TENANT_ID_`)
) ENGINE=InnoDB DEFAULT CHARSET=utf8 COLLATE=utf8_bin;

-- ----------------------------
-- Records of act_re_procdef
-- ----------------------------
INSERT INTO `act_re_procdef` VALUES ('publishExam:1:2504', '1', 'http://www.activiti.org/test', '', 'publishExam', '1', '2501', 'D:\\IDEA-2017\\idea-workspace\\boot-vue-online-exam-server\\target\\classes\\processes\\publish-exam.bpmn', 'D:\\IDEA-2017\\idea-workspace\\boot-vue-online-exam-server\\target\\classes\\processes\\publish-exam.publishExam.png', null, '0', '1', '1', '', null);
INSERT INTO `act_re_procdef` VALUES ('timeJobProcess:1:4', '1', 'http://www.activiti.org/test', null, 'timeJobProcess', '1', '1', 'D:\\IDEA-2017\\idea-workspace\\boot-vue-online-exam-server\\target\\classes\\processes\\time-job.bpmn20.xml', 'D:\\IDEA-2017\\idea-workspace\\boot-vue-online-exam-server\\target\\classes\\processes\\time-job.timeJobProcess.png', null, '0', '1', '1', '', null);

-- ----------------------------
-- Table structure for `act_ru_deadletter_job`
-- ----------------------------
DROP TABLE IF EXISTS `act_ru_deadletter_job`;
CREATE TABLE `act_ru_deadletter_job` (
  `ID_` varchar(64) COLLATE utf8_bin NOT NULL,
  `REV_` int(11) DEFAULT NULL,
  `TYPE_` varchar(255) COLLATE utf8_bin NOT NULL,
  `EXCLUSIVE_` tinyint(1) DEFAULT NULL,
  `EXECUTION_ID_` varchar(64) COLLATE utf8_bin DEFAULT NULL,
  `PROCESS_INSTANCE_ID_` varchar(64) COLLATE utf8_bin DEFAULT NULL,
  `PROC_DEF_ID_` varchar(64) COLLATE utf8_bin DEFAULT NULL,
  `EXCEPTION_STACK_ID_` varchar(64) COLLATE utf8_bin DEFAULT NULL,
  `EXCEPTION_MSG_` varchar(4000) COLLATE utf8_bin DEFAULT NULL,
  `DUEDATE_` timestamp(3) NULL DEFAULT NULL,
  `REPEAT_` varchar(255) COLLATE utf8_bin DEFAULT NULL,
  `HANDLER_TYPE_` varchar(255) COLLATE utf8_bin DEFAULT NULL,
  `HANDLER_CFG_` varchar(4000) COLLATE utf8_bin DEFAULT NULL,
  `TENANT_ID_` varchar(255) COLLATE utf8_bin DEFAULT '',
  PRIMARY KEY (`ID_`),
  KEY `ACT_FK_DEADLETTER_JOB_EXECUTION` (`EXECUTION_ID_`),
  KEY `ACT_FK_DEADLETTER_JOB_PROCESS_INSTANCE` (`PROCESS_INSTANCE_ID_`),
  KEY `ACT_FK_DEADLETTER_JOB_PROC_DEF` (`PROC_DEF_ID_`),
  KEY `ACT_FK_DEADLETTER_JOB_EXCEPTION` (`EXCEPTION_STACK_ID_`),
  CONSTRAINT `ACT_FK_DEADLETTER_JOB_EXCEPTION` FOREIGN KEY (`EXCEPTION_STACK_ID_`) REFERENCES `act_ge_bytearray` (`id_`),
  CONSTRAINT `ACT_FK_DEADLETTER_JOB_EXECUTION` FOREIGN KEY (`EXECUTION_ID_`) REFERENCES `act_ru_execution` (`id_`),
  CONSTRAINT `ACT_FK_DEADLETTER_JOB_PROCESS_INSTANCE` FOREIGN KEY (`PROCESS_INSTANCE_ID_`) REFERENCES `act_ru_execution` (`id_`),
  CONSTRAINT `ACT_FK_DEADLETTER_JOB_PROC_DEF` FOREIGN KEY (`PROC_DEF_ID_`) REFERENCES `act_re_procdef` (`id_`)
) ENGINE=InnoDB DEFAULT CHARSET=utf8 COLLATE=utf8_bin;

-- ----------------------------
-- Records of act_ru_deadletter_job
-- ----------------------------

-- ----------------------------
-- Table structure for `act_ru_event_subscr`
-- ----------------------------
DROP TABLE IF EXISTS `act_ru_event_subscr`;
CREATE TABLE `act_ru_event_subscr` (
  `ID_` varchar(64) COLLATE utf8_bin NOT NULL,
  `REV_` int(11) DEFAULT NULL,
  `EVENT_TYPE_` varchar(255) COLLATE utf8_bin NOT NULL,
  `EVENT_NAME_` varchar(255) COLLATE utf8_bin DEFAULT NULL,
  `EXECUTION_ID_` varchar(64) COLLATE utf8_bin DEFAULT NULL,
  `PROC_INST_ID_` varchar(64) COLLATE utf8_bin DEFAULT NULL,
  `ACTIVITY_ID_` varchar(64) COLLATE utf8_bin DEFAULT NULL,
  `CONFIGURATION_` varchar(255) COLLATE utf8_bin DEFAULT NULL,
  `CREATED_` timestamp(3) NOT NULL DEFAULT CURRENT_TIMESTAMP(3),
  `PROC_DEF_ID_` varchar(64) COLLATE utf8_bin DEFAULT NULL,
  `TENANT_ID_` varchar(255) COLLATE utf8_bin DEFAULT '',
  PRIMARY KEY (`ID_`),
  KEY `ACT_IDX_EVENT_SUBSCR_CONFIG_` (`CONFIGURATION_`),
  KEY `ACT_FK_EVENT_EXEC` (`EXECUTION_ID_`),
  CONSTRAINT `ACT_FK_EVENT_EXEC` FOREIGN KEY (`EXECUTION_ID_`) REFERENCES `act_ru_execution` (`id_`)
) ENGINE=InnoDB DEFAULT CHARSET=utf8 COLLATE=utf8_bin;

-- ----------------------------
-- Records of act_ru_event_subscr
-- ----------------------------

-- ----------------------------
-- Table structure for `act_ru_execution`
-- ----------------------------
DROP TABLE IF EXISTS `act_ru_execution`;
CREATE TABLE `act_ru_execution` (
  `ID_` varchar(64) COLLATE utf8_bin NOT NULL,
  `REV_` int(11) DEFAULT NULL,
  `PROC_INST_ID_` varchar(64) COLLATE utf8_bin DEFAULT NULL,
  `BUSINESS_KEY_` varchar(255) COLLATE utf8_bin DEFAULT NULL,
  `PARENT_ID_` varchar(64) COLLATE utf8_bin DEFAULT NULL,
  `PROC_DEF_ID_` varchar(64) COLLATE utf8_bin DEFAULT NULL,
  `SUPER_EXEC_` varchar(64) COLLATE utf8_bin DEFAULT NULL,
  `ROOT_PROC_INST_ID_` varchar(64) COLLATE utf8_bin DEFAULT NULL,
  `ACT_ID_` varchar(255) COLLATE utf8_bin DEFAULT NULL,
  `IS_ACTIVE_` tinyint(4) DEFAULT NULL,
  `IS_CONCURRENT_` tinyint(4) DEFAULT NULL,
  `IS_SCOPE_` tinyint(4) DEFAULT NULL,
  `IS_EVENT_SCOPE_` tinyint(4) DEFAULT NULL,
  `IS_MI_ROOT_` tinyint(4) DEFAULT NULL,
  `SUSPENSION_STATE_` int(11) DEFAULT NULL,
  `CACHED_ENT_STATE_` int(11) DEFAULT NULL,
  `TENANT_ID_` varchar(255) COLLATE utf8_bin DEFAULT '',
  `NAME_` varchar(255) COLLATE utf8_bin DEFAULT NULL,
  `START_TIME_` datetime(3) DEFAULT NULL,
  `START_USER_ID_` varchar(255) COLLATE utf8_bin DEFAULT NULL,
  `LOCK_TIME_` timestamp(3) NULL DEFAULT NULL,
  `IS_COUNT_ENABLED_` tinyint(4) DEFAULT NULL,
  `EVT_SUBSCR_COUNT_` int(11) DEFAULT NULL,
  `TASK_COUNT_` int(11) DEFAULT NULL,
  `JOB_COUNT_` int(11) DEFAULT NULL,
  `TIMER_JOB_COUNT_` int(11) DEFAULT NULL,
  `SUSP_JOB_COUNT_` int(11) DEFAULT NULL,
  `DEADLETTER_JOB_COUNT_` int(11) DEFAULT NULL,
  `VAR_COUNT_` int(11) DEFAULT NULL,
  `ID_LINK_COUNT_` int(11) DEFAULT NULL,
  PRIMARY KEY (`ID_`),
  KEY `ACT_IDX_EXEC_BUSKEY` (`BUSINESS_KEY_`),
  KEY `ACT_IDC_EXEC_ROOT` (`ROOT_PROC_INST_ID_`),
  KEY `ACT_FK_EXE_PROCINST` (`PROC_INST_ID_`),
  KEY `ACT_FK_EXE_PARENT` (`PARENT_ID_`),
  KEY `ACT_FK_EXE_SUPER` (`SUPER_EXEC_`),
  KEY `ACT_FK_EXE_PROCDEF` (`PROC_DEF_ID_`),
  CONSTRAINT `ACT_FK_EXE_PARENT` FOREIGN KEY (`PARENT_ID_`) REFERENCES `act_ru_execution` (`id_`) ON DELETE CASCADE,
  CONSTRAINT `ACT_FK_EXE_PROCDEF` FOREIGN KEY (`PROC_DEF_ID_`) REFERENCES `act_re_procdef` (`id_`),
  CONSTRAINT `ACT_FK_EXE_PROCINST` FOREIGN KEY (`PROC_INST_ID_`) REFERENCES `act_ru_execution` (`id_`) ON DELETE CASCADE ON UPDATE CASCADE,
  CONSTRAINT `ACT_FK_EXE_SUPER` FOREIGN KEY (`SUPER_EXEC_`) REFERENCES `act_ru_execution` (`id_`) ON DELETE CASCADE
) ENGINE=InnoDB DEFAULT CHARSET=utf8 COLLATE=utf8_bin;

-- ----------------------------
-- Records of act_ru_execution
-- ----------------------------

-- ----------------------------
-- Table structure for `act_ru_identitylink`
-- ----------------------------
DROP TABLE IF EXISTS `act_ru_identitylink`;
CREATE TABLE `act_ru_identitylink` (
  `ID_` varchar(64) COLLATE utf8_bin NOT NULL,
  `REV_` int(11) DEFAULT NULL,
  `GROUP_ID_` varchar(255) COLLATE utf8_bin DEFAULT NULL,
  `TYPE_` varchar(255) COLLATE utf8_bin DEFAULT NULL,
  `USER_ID_` varchar(255) COLLATE utf8_bin DEFAULT NULL,
  `TASK_ID_` varchar(64) COLLATE utf8_bin DEFAULT NULL,
  `PROC_INST_ID_` varchar(64) COLLATE utf8_bin DEFAULT NULL,
  `PROC_DEF_ID_` varchar(64) COLLATE utf8_bin DEFAULT NULL,
  PRIMARY KEY (`ID_`),
  KEY `ACT_IDX_IDENT_LNK_USER` (`USER_ID_`),
  KEY `ACT_IDX_IDENT_LNK_GROUP` (`GROUP_ID_`),
  KEY `ACT_IDX_ATHRZ_PROCEDEF` (`PROC_DEF_ID_`),
  KEY `ACT_FK_TSKASS_TASK` (`TASK_ID_`),
  KEY `ACT_FK_IDL_PROCINST` (`PROC_INST_ID_`),
  CONSTRAINT `ACT_FK_ATHRZ_PROCEDEF` FOREIGN KEY (`PROC_DEF_ID_`) REFERENCES `act_re_procdef` (`id_`),
  CONSTRAINT `ACT_FK_IDL_PROCINST` FOREIGN KEY (`PROC_INST_ID_`) REFERENCES `act_ru_execution` (`id_`),
  CONSTRAINT `ACT_FK_TSKASS_TASK` FOREIGN KEY (`TASK_ID_`) REFERENCES `act_ru_task` (`id_`)
) ENGINE=InnoDB DEFAULT CHARSET=utf8 COLLATE=utf8_bin;

-- ----------------------------
-- Records of act_ru_identitylink
-- ----------------------------

-- ----------------------------
-- Table structure for `act_ru_job`
-- ----------------------------
DROP TABLE IF EXISTS `act_ru_job`;
CREATE TABLE `act_ru_job` (
  `ID_` varchar(64) COLLATE utf8_bin NOT NULL,
  `REV_` int(11) DEFAULT NULL,
  `TYPE_` varchar(255) COLLATE utf8_bin NOT NULL,
  `LOCK_EXP_TIME_` timestamp(3) NULL DEFAULT NULL,
  `LOCK_OWNER_` varchar(255) COLLATE utf8_bin DEFAULT NULL,
  `EXCLUSIVE_` tinyint(1) DEFAULT NULL,
  `EXECUTION_ID_` varchar(64) COLLATE utf8_bin DEFAULT NULL,
  `PROCESS_INSTANCE_ID_` varchar(64) COLLATE utf8_bin DEFAULT NULL,
  `PROC_DEF_ID_` varchar(64) COLLATE utf8_bin DEFAULT NULL,
  `RETRIES_` int(11) DEFAULT NULL,
  `EXCEPTION_STACK_ID_` varchar(64) COLLATE utf8_bin DEFAULT NULL,
  `EXCEPTION_MSG_` varchar(4000) COLLATE utf8_bin DEFAULT NULL,
  `DUEDATE_` timestamp(3) NULL DEFAULT NULL,
  `REPEAT_` varchar(255) COLLATE utf8_bin DEFAULT NULL,
  `HANDLER_TYPE_` varchar(255) COLLATE utf8_bin DEFAULT NULL,
  `HANDLER_CFG_` varchar(4000) COLLATE utf8_bin DEFAULT NULL,
  `TENANT_ID_` varchar(255) COLLATE utf8_bin DEFAULT '',
  PRIMARY KEY (`ID_`),
  KEY `ACT_FK_JOB_EXECUTION` (`EXECUTION_ID_`),
  KEY `ACT_FK_JOB_PROCESS_INSTANCE` (`PROCESS_INSTANCE_ID_`),
  KEY `ACT_FK_JOB_PROC_DEF` (`PROC_DEF_ID_`),
  KEY `ACT_FK_JOB_EXCEPTION` (`EXCEPTION_STACK_ID_`),
  CONSTRAINT `ACT_FK_JOB_EXCEPTION` FOREIGN KEY (`EXCEPTION_STACK_ID_`) REFERENCES `act_ge_bytearray` (`id_`),
  CONSTRAINT `ACT_FK_JOB_EXECUTION` FOREIGN KEY (`EXECUTION_ID_`) REFERENCES `act_ru_execution` (`id_`),
  CONSTRAINT `ACT_FK_JOB_PROCESS_INSTANCE` FOREIGN KEY (`PROCESS_INSTANCE_ID_`) REFERENCES `act_ru_execution` (`id_`),
  CONSTRAINT `ACT_FK_JOB_PROC_DEF` FOREIGN KEY (`PROC_DEF_ID_`) REFERENCES `act_re_procdef` (`id_`)
) ENGINE=InnoDB DEFAULT CHARSET=utf8 COLLATE=utf8_bin;

-- ----------------------------
-- Records of act_ru_job
-- ----------------------------

-- ----------------------------
-- Table structure for `act_ru_suspended_job`
-- ----------------------------
DROP TABLE IF EXISTS `act_ru_suspended_job`;
CREATE TABLE `act_ru_suspended_job` (
  `ID_` varchar(64) COLLATE utf8_bin NOT NULL,
  `REV_` int(11) DEFAULT NULL,
  `TYPE_` varchar(255) COLLATE utf8_bin NOT NULL,
  `EXCLUSIVE_` tinyint(1) DEFAULT NULL,
  `EXECUTION_ID_` varchar(64) COLLATE utf8_bin DEFAULT NULL,
  `PROCESS_INSTANCE_ID_` varchar(64) COLLATE utf8_bin DEFAULT NULL,
  `PROC_DEF_ID_` varchar(64) COLLATE utf8_bin DEFAULT NULL,
  `RETRIES_` int(11) DEFAULT NULL,
  `EXCEPTION_STACK_ID_` varchar(64) COLLATE utf8_bin DEFAULT NULL,
  `EXCEPTION_MSG_` varchar(4000) COLLATE utf8_bin DEFAULT NULL,
  `DUEDATE_` timestamp(3) NULL DEFAULT NULL,
  `REPEAT_` varchar(255) COLLATE utf8_bin DEFAULT NULL,
  `HANDLER_TYPE_` varchar(255) COLLATE utf8_bin DEFAULT NULL,
  `HANDLER_CFG_` varchar(4000) COLLATE utf8_bin DEFAULT NULL,
  `TENANT_ID_` varchar(255) COLLATE utf8_bin DEFAULT '',
  PRIMARY KEY (`ID_`),
  KEY `ACT_FK_SUSPENDED_JOB_EXECUTION` (`EXECUTION_ID_`),
  KEY `ACT_FK_SUSPENDED_JOB_PROCESS_INSTANCE` (`PROCESS_INSTANCE_ID_`),
  KEY `ACT_FK_SUSPENDED_JOB_PROC_DEF` (`PROC_DEF_ID_`),
  KEY `ACT_FK_SUSPENDED_JOB_EXCEPTION` (`EXCEPTION_STACK_ID_`),
  CONSTRAINT `ACT_FK_SUSPENDED_JOB_EXCEPTION` FOREIGN KEY (`EXCEPTION_STACK_ID_`) REFERENCES `act_ge_bytearray` (`id_`),
  CONSTRAINT `ACT_FK_SUSPENDED_JOB_EXECUTION` FOREIGN KEY (`EXECUTION_ID_`) REFERENCES `act_ru_execution` (`id_`),
  CONSTRAINT `ACT_FK_SUSPENDED_JOB_PROCESS_INSTANCE` FOREIGN KEY (`PROCESS_INSTANCE_ID_`) REFERENCES `act_ru_execution` (`id_`),
  CONSTRAINT `ACT_FK_SUSPENDED_JOB_PROC_DEF` FOREIGN KEY (`PROC_DEF_ID_`) REFERENCES `act_re_procdef` (`id_`)
) ENGINE=InnoDB DEFAULT CHARSET=utf8 COLLATE=utf8_bin;

-- ----------------------------
-- Records of act_ru_suspended_job
-- ----------------------------

-- ----------------------------
-- Table structure for `act_ru_task`
-- ----------------------------
DROP TABLE IF EXISTS `act_ru_task`;
CREATE TABLE `act_ru_task` (
  `ID_` varchar(64) COLLATE utf8_bin NOT NULL,
  `REV_` int(11) DEFAULT NULL,
  `EXECUTION_ID_` varchar(64) COLLATE utf8_bin DEFAULT NULL,
  `PROC_INST_ID_` varchar(64) COLLATE utf8_bin DEFAULT NULL,
  `PROC_DEF_ID_` varchar(64) COLLATE utf8_bin DEFAULT NULL,
  `NAME_` varchar(255) COLLATE utf8_bin DEFAULT NULL,
  `PARENT_TASK_ID_` varchar(64) COLLATE utf8_bin DEFAULT NULL,
  `DESCRIPTION_` varchar(4000) COLLATE utf8_bin DEFAULT NULL,
  `TASK_DEF_KEY_` varchar(255) COLLATE utf8_bin DEFAULT NULL,
  `OWNER_` varchar(255) COLLATE utf8_bin DEFAULT NULL,
  `ASSIGNEE_` varchar(255) COLLATE utf8_bin DEFAULT NULL,
  `DELEGATION_` varchar(64) COLLATE utf8_bin DEFAULT NULL,
  `PRIORITY_` int(11) DEFAULT NULL,
  `CREATE_TIME_` timestamp(3) NULL DEFAULT NULL,
  `DUE_DATE_` datetime(3) DEFAULT NULL,
  `CATEGORY_` varchar(255) COLLATE utf8_bin DEFAULT NULL,
  `SUSPENSION_STATE_` int(11) DEFAULT NULL,
  `TENANT_ID_` varchar(255) COLLATE utf8_bin DEFAULT '',
  `FORM_KEY_` varchar(255) COLLATE utf8_bin DEFAULT NULL,
  `CLAIM_TIME_` datetime(3) DEFAULT NULL,
  PRIMARY KEY (`ID_`),
  KEY `ACT_IDX_TASK_CREATE` (`CREATE_TIME_`),
  KEY `ACT_FK_TASK_EXE` (`EXECUTION_ID_`),
  KEY `ACT_FK_TASK_PROCINST` (`PROC_INST_ID_`),
  KEY `ACT_FK_TASK_PROCDEF` (`PROC_DEF_ID_`),
  CONSTRAINT `ACT_FK_TASK_EXE` FOREIGN KEY (`EXECUTION_ID_`) REFERENCES `act_ru_execution` (`id_`),
  CONSTRAINT `ACT_FK_TASK_PROCDEF` FOREIGN KEY (`PROC_DEF_ID_`) REFERENCES `act_re_procdef` (`id_`),
  CONSTRAINT `ACT_FK_TASK_PROCINST` FOREIGN KEY (`PROC_INST_ID_`) REFERENCES `act_ru_execution` (`id_`)
) ENGINE=InnoDB DEFAULT CHARSET=utf8 COLLATE=utf8_bin;

-- ----------------------------
-- Records of act_ru_task
-- ----------------------------

-- ----------------------------
-- Table structure for `act_ru_timer_job`
-- ----------------------------
DROP TABLE IF EXISTS `act_ru_timer_job`;
CREATE TABLE `act_ru_timer_job` (
  `ID_` varchar(64) COLLATE utf8_bin NOT NULL,
  `REV_` int(11) DEFAULT NULL,
  `TYPE_` varchar(255) COLLATE utf8_bin NOT NULL,
  `LOCK_EXP_TIME_` timestamp(3) NULL DEFAULT NULL,
  `LOCK_OWNER_` varchar(255) COLLATE utf8_bin DEFAULT NULL,
  `EXCLUSIVE_` tinyint(1) DEFAULT NULL,
  `EXECUTION_ID_` varchar(64) COLLATE utf8_bin DEFAULT NULL,
  `PROCESS_INSTANCE_ID_` varchar(64) COLLATE utf8_bin DEFAULT NULL,
  `PROC_DEF_ID_` varchar(64) COLLATE utf8_bin DEFAULT NULL,
  `RETRIES_` int(11) DEFAULT NULL,
  `EXCEPTION_STACK_ID_` varchar(64) COLLATE utf8_bin DEFAULT NULL,
  `EXCEPTION_MSG_` varchar(4000) COLLATE utf8_bin DEFAULT NULL,
  `DUEDATE_` timestamp(3) NULL DEFAULT NULL,
  `REPEAT_` varchar(255) COLLATE utf8_bin DEFAULT NULL,
  `HANDLER_TYPE_` varchar(255) COLLATE utf8_bin DEFAULT NULL,
  `HANDLER_CFG_` varchar(4000) COLLATE utf8_bin DEFAULT NULL,
  `TENANT_ID_` varchar(255) COLLATE utf8_bin DEFAULT '',
  PRIMARY KEY (`ID_`),
  KEY `ACT_FK_TIMER_JOB_EXECUTION` (`EXECUTION_ID_`),
  KEY `ACT_FK_TIMER_JOB_PROCESS_INSTANCE` (`PROCESS_INSTANCE_ID_`),
  KEY `ACT_FK_TIMER_JOB_PROC_DEF` (`PROC_DEF_ID_`),
  KEY `ACT_FK_TIMER_JOB_EXCEPTION` (`EXCEPTION_STACK_ID_`),
  CONSTRAINT `ACT_FK_TIMER_JOB_EXCEPTION` FOREIGN KEY (`EXCEPTION_STACK_ID_`) REFERENCES `act_ge_bytearray` (`id_`),
  CONSTRAINT `ACT_FK_TIMER_JOB_EXECUTION` FOREIGN KEY (`EXECUTION_ID_`) REFERENCES `act_ru_execution` (`id_`),
  CONSTRAINT `ACT_FK_TIMER_JOB_PROCESS_INSTANCE` FOREIGN KEY (`PROCESS_INSTANCE_ID_`) REFERENCES `act_ru_execution` (`id_`),
  CONSTRAINT `ACT_FK_TIMER_JOB_PROC_DEF` FOREIGN KEY (`PROC_DEF_ID_`) REFERENCES `act_re_procdef` (`id_`)
) ENGINE=InnoDB DEFAULT CHARSET=utf8 COLLATE=utf8_bin;

-- ----------------------------
-- Records of act_ru_timer_job
-- ----------------------------

-- ----------------------------
-- Table structure for `act_ru_variable`
-- ----------------------------
DROP TABLE IF EXISTS `act_ru_variable`;
CREATE TABLE `act_ru_variable` (
  `ID_` varchar(64) COLLATE utf8_bin NOT NULL,
  `REV_` int(11) DEFAULT NULL,
  `TYPE_` varchar(255) COLLATE utf8_bin NOT NULL,
  `NAME_` varchar(255) COLLATE utf8_bin NOT NULL,
  `EXECUTION_ID_` varchar(64) COLLATE utf8_bin DEFAULT NULL,
  `PROC_INST_ID_` varchar(64) COLLATE utf8_bin DEFAULT NULL,
  `TASK_ID_` varchar(64) COLLATE utf8_bin DEFAULT NULL,
  `BYTEARRAY_ID_` varchar(64) COLLATE utf8_bin DEFAULT NULL,
  `DOUBLE_` double DEFAULT NULL,
  `LONG_` bigint(20) DEFAULT NULL,
  `TEXT_` varchar(4000) COLLATE utf8_bin DEFAULT NULL,
  `TEXT2_` varchar(4000) COLLATE utf8_bin DEFAULT NULL,
  PRIMARY KEY (`ID_`),
  KEY `ACT_IDX_VARIABLE_TASK_ID` (`TASK_ID_`),
  KEY `ACT_FK_VAR_EXE` (`EXECUTION_ID_`),
  KEY `ACT_FK_VAR_PROCINST` (`PROC_INST_ID_`),
  KEY `ACT_FK_VAR_BYTEARRAY` (`BYTEARRAY_ID_`),
  CONSTRAINT `ACT_FK_VAR_BYTEARRAY` FOREIGN KEY (`BYTEARRAY_ID_`) REFERENCES `act_ge_bytearray` (`id_`),
  CONSTRAINT `ACT_FK_VAR_EXE` FOREIGN KEY (`EXECUTION_ID_`) REFERENCES `act_ru_execution` (`id_`),
  CONSTRAINT `ACT_FK_VAR_PROCINST` FOREIGN KEY (`PROC_INST_ID_`) REFERENCES `act_ru_execution` (`id_`)
) ENGINE=InnoDB DEFAULT CHARSET=utf8 COLLATE=utf8_bin;

-- ----------------------------
-- Records of act_ru_variable
-- ----------------------------

-- ----------------------------
-- Table structure for `dict`
-- ----------------------------
DROP TABLE IF EXISTS `dict`;
CREATE TABLE `dict` (
  `id` varchar(32) NOT NULL COMMENT 'id',
  `dict_code` varchar(10) NOT NULL COMMENT '',
  `dict_value` varchar(50) NOT NULL COMMENT '',
  `dict_type_code` varchar(20) NOT NULL COMMENT '',
  `dict_desc` varchar(255) DEFAULT NULL COMMENT '',
  `dict_order` int(10) DEFAULT NULL COMMENT '',
  `parent_id` varchar(32) DEFAULT NULL,
  PRIMARY KEY (`id`)
) ENGINE=InnoDB DEFAULT CHARSET=utf8mb4 COLLATE=utf8mb4_0900_ai_ci COMMENT='';

-- ----------------------------
-- Records of dict
-- ----------------------------
INSERT INTO `dict` VALUES ('001', '1', '', 'QUESTION_LEVEL', '', '1', null);
INSERT INTO `dict` VALUES ('002', '2', '', 'QUESTION_LEVEL', '', '2', null);
INSERT INTO `dict` VALUES ('003', '3', '', 'QUESTION_LEVEL', '', '3', null);
INSERT INTO `dict` VALUES ('05186928782f449fb9a5e3c8ccb3e5c1', '001', '', 'TEACHER_TYPE', '', '1', null);
INSERT INTO `dict` VALUES ('2f0801d50ddf11eab421f0761cc5591a', '1', '', 'SEX', '', '1', null);
INSERT INTO `dict` VALUES ('3500f6e20ed111ea98a05c93a27933da', '01', '', 'COURSE_TYPE', '', '1', null);
INSERT INTO `dict` VALUES ('382693170ddf11eab421f0761cc5591a', '2', '', 'SEX', '', '2', null);
INSERT INTO `dict` VALUES ('3f2e69ce0ed111ea98a05c93a27933da', '02', '', 'COURSE_TYPE', '', '2', null);
INSERT INTO `dict` VALUES ('42c52d13c78d44e09ccc9167e029eea4', '005', '', 'TEACHER_TYPE', '', '5', null);
INSERT INTO `dict` VALUES ('4d0623560ed111ea98a05c93a27933da', '03', '', 'COURSE_TYPE', '', '3', null);
INSERT INTO `dict` VALUES ('551fabe50ed111ea98a05c93a27933da', '04', '', 'COURSE_TYPE', '', '4', null);
INSERT INTO `dict` VALUES ('55c6c5560ddf11eab421f0761cc5591a', '1', '', 'USER_TYPE', '', '1', null);
INSERT INTO `dict` VALUES ('575b501ead0a4004a6a53297c4d1cc89', '003', '', 'TEACHER_TYPE', '', '3', null);
INSERT INTO `dict` VALUES ('5e25521a0ddf11eab421f0761cc5591a', '2', '', 'USER_TYPE', '', '2', null);
INSERT INTO `dict` VALUES ('6650d21a0ddf11eab421f0761cc5591a', '3', '', 'USER_TYPE', '', '3', null);
INSERT INTO `dict` VALUES ('89494fa99a8f11ea83105c93a27933da', '1', '', 'GRADE_LEVEL', '', '1', '');
INSERT INTO `dict` VALUES ('89c2cb320dd611eab421f0761cc5591a', '1', '', 'MENU', '', '1', null);
INSERT INTO `dict` VALUES ('9c0ab74e0dd611eab421f0761cc5591a', '2', '', 'MENU', '', '2', null);
INSERT INTO `dict` VALUES ('a3412bbf9a8f11ea83105c93a27933da', '2', '', 'GRADE_LEVEL', '', '2', '');
INSERT INTO `dict` VALUES ('a4da30530dd611eab421f0761cc5591a', '3', '', 'MENU', '', '3', null);
INSERT INTO `dict` VALUES ('a9127f74e6214b3f90379f9c2dd3fc93', '002', '', 'TEACHER_TYPE', '', '2', null);
INSERT INTO `dict` VALUES ('ab9d3cd29a8f11ea83105c93a27933da', '3', '', 'GRADE_LEVEL', '', '3', '');
INSERT INTO `dict` VALUES ('bbd9ca819a8f11ea83105c93a27933da', '4', '', 'GRADE_LEVEL', '', '4', '');
INSERT INTO `dict` VALUES ('ce0110249a8f11ea83105c93a27933da', '5', '', 'GRADE_LEVEL', '', '5', '');
INSERT INTO `dict` VALUES ('cf9759b9c5bb4224b6de29eca85d94e2', '004', '', 'TEACHER_TYPE', '', '4', null);

-- ----------------------------
-- Table structure for `exam`
-- ----------------------------
DROP TABLE IF EXISTS `exam`;
CREATE TABLE `exam` (
  `id` varchar(32) NOT NULL COMMENT 'id',
  `name` varchar(50) CHARACTER SET utf8mb4 COLLATE utf8mb4_0900_ai_ci DEFAULT NULL,
  `create_time` datetime DEFAULT NULL,
  `update_time` datetime DEFAULT NULL,
  `exam_desc` varchar(200) DEFAULT NULL COMMENT '',
  `start_date` date DEFAULT NULL COMMENT '',
  `end_date` date DEFAULT NULL COMMENT '',
  `total_time` int(3) DEFAULT NULL COMMENT '',
  `major` varchar(32) DEFAULT NULL COMMENT '',
  `institute` varchar(32) DEFAULT NULL COMMENT '',
  `exam_type` int(2) DEFAULT NULL COMMENT '',
  `single_score` double(5,2) DEFAULT NULL COMMENT '',
  `multi_score` double(5,2) DEFAULT NULL COMMENT '',
  `judge_score` double(5,2) DEFAULT NULL COMMENT '?',
  `fill_score` double(5,2) DEFAULT NULL COMMENT '?',
  `total_score` double(10,2) DEFAULT NULL COMMENT '',
  `single_ids` varchar(3300) DEFAULT NULL COMMENT 'id',
  `multi_ids` varchar(3300) DEFAULT NULL COMMENT 'id',
  `judge_ids` varchar(3300) DEFAULT NULL COMMENT 'id',
  `fill_ids` varchar(3300) DEFAULT NULL COMMENT 'id',
  `is_publish` int(2) DEFAULT '0',
  PRIMARY KEY (`id`)
) ENGINE=InnoDB DEFAULT CHARSET=utf8mb4 COLLATE=utf8mb4_0900_ai_ci COMMENT='';

-- ----------------------------
-- Records of exam
-- ----------------------------
INSERT INTO `exam` VALUES ('001', '1', '2020-05-26 23:46:47', null, '1', '2020-05-17', '2020-05-31', '90', null, null, '1', '4.00', '5.00', '2.00', '5.00', '36.00', '120000,120001,120003', '1,2', '110001,110002', '10000,10001', '1');
INSERT INTO `exam` VALUES ('002', '2', '2020-05-26 23:46:51', null, '2', '2020-05-17', '2020-06-23', '60', null, null, '2', '3.00', '5.00', '2.00', '5.00', '33.00', '120000,120001,120003', '1,2', '110001,110002', '10000,10001', '1');
INSERT INTO `exam` VALUES ('003', '', '2020-05-28 23:46:55', null, '', '2020-05-24', '2020-05-30', '10', null, null, '1', '5.00', null, null, null, '15.00', '120000,120001,120003', null, null, null, '1');
INSERT INTO `exam` VALUES ('004', '', '2020-05-12 23:46:59', null, '', '2020-05-24', '2020-05-30', '10', null, null, '1', null, null, null, '2.00', '4.00', null, null, null, '10000,10001', '1');
INSERT INTO `exam` VALUES ('005', '', '2020-05-15 23:47:04', null, '', '2020-05-24', '2020-05-30', '5', null, null, '2', null, null, '2.00', null, '4.00', null, null, '110001,110002', null, '1');
INSERT INTO `exam` VALUES ('006', '', '2020-05-28 23:47:09', null, '', '2020-05-24', '2020-05-30', '5', null, null, '1', null, '5.00', null, null, '10.00', null, '1,2', null, null, '1');
INSERT INTO `exam` VALUES ('4e10473f4cff479881fe6a5be4839eab', '2', '2020-05-27 16:37:41', null, '2', null, null, '20', null, null, null, '2.00', '4.00', '1.00', '1.00', '26.00', '', '', '', '', '1');
INSERT INTO `exam` VALUES ('b912489f85994751981afb1c516f5b2e', '', '2020-05-27 15:04:22', null, '', null, null, '30', null, null, null, '2.00', '4.00', '2.00', '2.00', '28.00', '', '', '', '', '0');

-- ----------------------------
-- Table structure for `exam_record`
-- ----------------------------
DROP TABLE IF EXISTS `exam_record`;
CREATE TABLE `exam_record` (
  `id` varchar(32) NOT NULL COMMENT '',
  `exam_id` varchar(32) DEFAULT NULL COMMENT 'ID',
  `user_id` varchar(32) DEFAULT NULL COMMENT 'id',
  `finish_time` datetime DEFAULT NULL COMMENT '',
  `cost_time` int(3) DEFAULT '0' COMMENT ',',
  `final_score` double(5,2) DEFAULT '0.00' COMMENT '?',
  `result_level` int(2) DEFAULT '0' COMMENT '',
  `single_answer` varchar(3300) DEFAULT NULL COMMENT '*',
  `multi_answer` varchar(6600) DEFAULT NULL COMMENT '*',
  `judge_answer` varchar(3300) DEFAULT NULL COMMENT '*',
  `fill_answer` varchar(2000) DEFAULT NULL COMMENT '*2#',
  PRIMARY KEY (`id`)
) ENGINE=InnoDB DEFAULT CHARSET=utf8mb4 COLLATE=utf8mb4_0900_ai_ci COMMENT='';

-- ----------------------------
-- Records of exam_record
-- ----------------------------
INSERT INTO `exam_record` VALUES ('1c3464b189a8407b910747569b751d40', '006', '67eb71f1091911eab9205c93a27933da', '2020-08-27 23:14:35', '1', '5.00', '5', '', 'A,C,D*C,D', '', '');
INSERT INTO `exam_record` VALUES ('1cb7e636ca59406f9e08124934fcbfb4', '004', '67eb71f1091911eab9205c93a27933da', '2020-05-24 12:24:24', '0', '1.00', '5', '', '', '', 'null,*?');
INSERT INTO `exam_record` VALUES ('40b3f542231c4f7db79c562ab8f1fb7f', '003', '67eb71f1091911eab9205c93a27933da', '2020-05-30 12:47:16', '0', '10.00', '4', 'C*?*A', '', '', '');
INSERT INTO `exam_record` VALUES ('65f42e15ceaf4ee69211938da519df3d', '005', '67eb71f1091911eab9205c93a27933da', '2020-05-24 12:26:20', '0', '2.00', '5', '', '', '?*F', '');
INSERT INTO `exam_record` VALUES ('8398a72a6ae24d969600a1daf39f7f76', '003', '67eb71f1091911eab9205c93a27933da', '2020-05-24 12:22:15', '0', '5.00', '5', '?*D*?', '', '', '');
INSERT INTO `exam_record` VALUES ('ae0cdf53fab74f608225e099bde39147', '006', '67eb71f1091911eab9205c93a27933da', '2020-05-24 12:28:20', '0', '5.00', '5', '', '?*B,C,D', '', '');
INSERT INTO `exam_record` VALUES ('efd51353a7274d09b4d7fd3b1c474fd0', '003', 'c54880d2de294167a83c97d7f6b94097', '2020-05-30 13:03:04', '0', '10.00', '4', 'C*?*A', '', '', '');
INSERT INTO `exam_record` VALUES ('fd6b466622274a29b0744d97283a8b20', '001', '67eb71f1091911eab9205c93a27933da', '2020-05-24 12:31:18', '1', '22.50', '4', 'C*?*A', '?*B,C,D', '?*F', 'null,*');

-- ----------------------------
-- Table structure for `fill_question`
-- ----------------------------
DROP TABLE IF EXISTS `fill_question`;
CREATE TABLE `fill_question` (
  `id` varchar(32) NOT NULL COMMENT 'id',
  `create_id` varchar(32) DEFAULT NULL COMMENT 'ID',
  `create_time` datetime DEFAULT NULL COMMENT '',
  `update_id` varchar(32) DEFAULT NULL COMMENT 'ID',
  `update_time` datetime DEFAULT NULL COMMENT '',
  `question_content` varchar(255) DEFAULT NULL COMMENT '',
  `question_answer` varchar(255) DEFAULT NULL COMMENT '',
  `question_explain` varchar(255) DEFAULT NULL COMMENT '',
  `question_level` int(2) DEFAULT NULL COMMENT '',
  `question_type` int(2) DEFAULT NULL COMMENT '',
  PRIMARY KEY (`id`)
) ENGINE=InnoDB DEFAULT CHARSET=utf8mb4 COLLATE=utf8mb4_0900_ai_ci COMMENT='';

-- ----------------------------
-- Records of fill_question
-- ----------------------------
INSERT INTO `fill_question` VALUES ('10000', null, '2020-02-16 00:00:00', null, null, '()()', ',', null, '3', '1');
INSERT INTO `fill_question` VALUES ('10001', null, '2020-02-16 00:00:00', null, null, 'ISO/OSI RM ()', '', null, '1', '1');
INSERT INTO `fill_question` VALUES ('10002', null, '2020-02-16 00:00:00', null, null, 'TCP/IPOSI()(),', 'TCP UDP ', null, '2', '1');
INSERT INTO `fill_question` VALUES ('10003', null, '2020-02-16 00:00:00', null, null, ' (),() ()', '. ', null, '1', '1');
INSERT INTO `fill_question` VALUES ('10004', null, '2020-02-16 00:00:00', null, null, 'ChinaNet. ChinaGBN. ()CSTnet', 'CERnet ()', null, '4', '1');
INSERT INTO `fill_question` VALUES ('10005', null, '2020-02-16 00:00:00', null, null, '()()()', '             ', null, '1', '1');
INSERT INTO `fill_question` VALUES ('10006', null, '2020-02-16 00:00:00', null, null, 'Outlook(),()', 'POP3    SMTP    ', null, '1', '1');
INSERT INTO `fill_question` VALUES ('10007', null, '2020-02-16 00:00:00', null, null, '()', '', null, '1', '1');
INSERT INTO `fill_question` VALUES ('10008', null, '2020-02-16 00:00:00', null, null, 'IPV4,IP205.3.127.13()', 'C', null, '1', '1');
INSERT INTO `fill_question` VALUES ('10009', null, '2020-02-16 00:00:00', null, null, '()()', '', null, '1', '1');
INSERT INTO `fill_question` VALUES ('10010', null, '2020-02-16 00:00:00', null, null, '()()', '', null, '1', '1');
INSERT INTO `fill_question` VALUES ('10011', null, '2020-02-16 00:00:00', null, null, '()()', '', null, '1', '1');
INSERT INTO `fill_question` VALUES ('10012', null, '2020-02-16 00:00:00', null, null, 'IP()()', '', null, '1', '1');
INSERT INTO `fill_question` VALUES ('10013', null, '2020-02-16 00:00:00', null, null, ' IP()IP()()', '', null, '2', '1');
INSERT INTO `fill_question` VALUES ('10014', null, '2020-02-16 00:00:00', null, null, '()', 'TELNET', null, '1', '1');
INSERT INTO `fill_question` VALUES ('10015', null, '2020-02-16 00:00:00', null, null, '()()', '', null, '1', '1');
INSERT INTO `fill_question` VALUES ('10016', null, '2020-02-16 00:00:00', null, null, 'Internet()', 'SMTP', null, '1', '1');
INSERT INTO `fill_question` VALUES ('10017', null, '2020-02-16 00:00:00', null, null, '    ()', '', null, '3', '1');
INSERT INTO `fill_question` VALUES ('10018', null, '2020-02-16 00:00:00', null, null, 'Intranet(),', '', null, '1', '1');
INSERT INTO `fill_question` VALUES ('10019', null, '2020-02-16 00:00:00', null, null, 'WWW  ()', '/URL ', null, '2', '1');
INSERT INTO `fill_question` VALUES ('10020', null, '2020-02-16 00:00:00', null, null, '() ', '  ', null, '4', '1');
INSERT INTO `fill_question` VALUES ('10021', null, '2020-02-16 00:00:00', null, null, 'IEEE802LLC ()', ' MAC ', null, '3', '1');
INSERT INTO `fill_question` VALUES ('10022', null, '2020-02-16 00:00:00', null, null, '  ()  ', '', null, '3', '1');
INSERT INTO `fill_question` VALUES ('10023', null, '2020-02-16 00:00:00', null, null, '2000/16 () b/s', '80000 ', null, '5', '1');
INSERT INTO `fill_question` VALUES ('10024', null, '2020-02-16 00:00:00', null, null, ' ()  CSMA/CD', ' ', null, '5', '1');
INSERT INTO `fill_question` VALUES ('10025', null, '2020-02-16 00:00:00', null, null, ' ()', 'IEEE802', null, '5', '1');
INSERT INTO `fill_question` VALUES ('10026', null, '2020-02-16 00:00:00', null, null, ' () ', ' ', null, '3', '1');
INSERT INTO `fill_question` VALUES ('10027', null, '2020-02-16 00:00:00', null, null, ' HDLC  01011111110 ()', '10111110110', null, '5', '1');
INSERT INTO `fill_question` VALUES ('10028', null, '2020-02-16 00:00:00', null, null, 'ASK ()PSK', 'FSK', null, '5', '1');
INSERT INTO `fill_question` VALUES ('22e66bf88e3c4ccaa0f34b4cdbe40db7', null, '2020-05-25 16:15:04', null, null, 'aa', 'df ', '', '1', null);
INSERT INTO `fill_question` VALUES ('36107cfbe96a4c3abf2cb55d0708df1f', null, '2020-05-25 13:19:03', null, null, '()()', 'TCP,UDP', null, '1', null);
INSERT INTO `fill_question` VALUES ('5a915ad82b1d4a4b97224a5816a7e819', null, '2020-05-26 13:24:30', null, null, 'elementUI()', 'vue', '', '1', null);
INSERT INTO `fill_question` VALUES ('65ba823289b14f86ab31ebf606fa1762', null, '2020-05-25 16:10:20', null, null, '', '', '', null, null);
INSERT INTO `fill_question` VALUES ('68833ded6e0244ccb5fbdceeef692efd', null, '2020-05-25 16:12:46', null, null, '', '', '', '2', null);

-- ----------------------------
-- Table structure for `judge_question`
-- ----------------------------
DROP TABLE IF EXISTS `judge_question`;
CREATE TABLE `judge_question` (
  `id` varchar(32) NOT NULL COMMENT 'id',
  `create_id` varchar(32) DEFAULT NULL COMMENT 'ID',
  `create_time` datetime DEFAULT NULL COMMENT '',
  `update_id` varchar(32) DEFAULT NULL COMMENT 'ID',
  `update_time` datetime DEFAULT NULL COMMENT '',
  `question_content` varchar(255) DEFAULT NULL COMMENT '',
  `question_answer` varchar(255) DEFAULT NULL COMMENT '',
  `question_explain` varchar(255) DEFAULT NULL COMMENT '',
  `question_level` int(2) DEFAULT NULL COMMENT '',
  `question_type` int(2) DEFAULT NULL COMMENT '',
  PRIMARY KEY (`id`)
) ENGINE=InnoDB DEFAULT CHARSET=utf8mb4 COLLATE=utf8mb4_0900_ai_ci COMMENT='';

-- ----------------------------
-- Records of judge_question
-- ----------------------------
INSERT INTO `judge_question` VALUES ('110001', null, '2020-02-16 00:00:00', null, null, ',', 'T', null, '1', '1');
INSERT INTO `judge_question` VALUES ('110002', null, '2020-02-16 00:00:00', null, null, 'OSI,', 'F', null, '1', '1');
INSERT INTO `judge_question` VALUES ('110003', null, '2020-02-16 00:00:00', null, null, '', 'F', null, '1', '1');
INSERT INTO `judge_question` VALUES ('110004', null, '2020-02-16 00:00:00', null, null, '', 'F', null, '1', '1');
INSERT INTO `judge_question` VALUES ('110005', null, '2020-02-16 00:00:00', null, null, '', 'T', null, '2', '1');
INSERT INTO `judge_question` VALUES ('110006', null, '2020-02-16 00:00:00', null, null, 'UTP', 'F', null, '2', '1');
INSERT INTO `judge_question` VALUES ('110007', null, '2020-02-16 00:00:00', null, null, ',', 'T', null, '2', '1');
INSERT INTO `judge_question` VALUES ('110008', null, '2020-02-16 00:00:00', null, null, 'AP', 'T', null, '3', '1');
INSERT INTO `judge_question` VALUES ('110009', null, '2020-02-16 00:00:00', null, null, 'SMTP', 'T', null, '4', '1');
INSERT INTO `judge_question` VALUES ('110010', null, '2020-02-16 00:00:00', null, null, '', 'F', null, '3', '1');
INSERT INTO `judge_question` VALUES ('110011', null, '2020-02-16 00:00:00', null, null, 'BT,,', 'T', null, '2', '1');
INSERT INTO `judge_question` VALUES ('110012', null, '2020-02-16 00:00:00', null, null, 'INTERNET,', 'F', null, '1', '1');
INSERT INTO `judge_question` VALUES ('7e8f9415828a4fd1b71169d414dee3c2', null, '2020-05-25 15:26:37', null, null, 'C', 'F', '', '1', null);
INSERT INTO `judge_question` VALUES ('e8ee05b4583f4124bbc8fc58329786b9', null, '2020-05-26 13:25:35', null, null, 'vue', 'T', '', '1', null);
INSERT INTO `judge_question` VALUES ('f6751aa596ce4a1fb9d8066619cd5c9e', null, '2020-05-25 16:15:27', null, null, 'bb', 'T', '', '2', null);

-- ----------------------------
-- Table structure for `login_log`
-- ----------------------------
DROP TABLE IF EXISTS `login_log`;
CREATE TABLE `login_log` (
  `id` varchar(32) NOT NULL COMMENT 'id',
  `user_id` varchar(32) DEFAULT NULL COMMENT 'id',
  `login_time` datetime DEFAULT NULL COMMENT '',
  `ip` varchar(20) DEFAULT NULL COMMENT 'ip',
  PRIMARY KEY (`id`)
) ENGINE=InnoDB DEFAULT CHARSET=utf8mb4 COLLATE=utf8mb4_0900_ai_ci COMMENT='';

-- ----------------------------
-- Records of login_log
-- ----------------------------
INSERT INTO `login_log` VALUES ('0b10e194e0aa4245901ee9ead32859f0', '67eb71f1091911eab9205c93a27933da', '2020-06-01 13:51:25', '127.0.0.1');
INSERT INTO `login_log` VALUES ('27e23263272a41aeaa7bfe143598c8c9', '67eb71f1091911eab9205c93a27933da', '2020-05-31 13:02:09', '127.0.0.1');
INSERT INTO `login_log` VALUES ('33933dbf548742e89c2e10485ab74290', '67eb71f1091911eab9205c93a27933da', '2020-06-06 08:23:18', '127.0.0.1');
INSERT INTO `login_log` VALUES ('3691dca3586a4d38b8a6af9aebd0d1d0', '67eb71f1091911eab9205c93a27933da', '2020-06-01 15:14:42', '127.0.0.1');
INSERT INTO `login_log` VALUES ('52da905e51c044a49eef600c31bb13dd', '67eb71f1091911eab9205c93a27933da', '2020-08-27 23:12:29', '127.0.0.1');
INSERT INTO `login_log` VALUES ('5cab6e3eb1ee43998007f1f20111a9bb', '67eb71f1091911eab9205c93a27933da', '2020-05-31 12:42:20', '127.0.0.1');
INSERT INTO `login_log` VALUES ('7a17c794e70042cabdcb4baf5420becb', '67eb71f1091911eab9205c93a27933da', '2020-06-01 12:42:13', '127.0.0.1');
INSERT INTO `login_log` VALUES ('7c3201dc6cc9494d89a7ec5653fb5320', '67eb71f1091911eab9205c93a27933da', '2020-06-01 14:55:33', '127.0.0.1');
INSERT INTO `login_log` VALUES ('7ef9ec32606740edb2d465de4dce98ec', 'c54880d2de294167a83c97d7f6b94097', '2020-05-31 12:28:13', '127.0.0.1');
INSERT INTO `login_log` VALUES ('816e4e515f5d4cbd8159d5b7eead2b25', '67eb71f1091911eab9205c93a27933da', '2020-06-01 12:47:12', '127.0.0.1');
INSERT INTO `login_log` VALUES ('893a07564e0e4cdfa76c6174389a71d3', '67eb71f1091911eab9205c93a27933da', '2020-06-01 13:46:36', '127.0.0.1');
INSERT INTO `login_log` VALUES ('90985d72a926404bb8cb4a67eeb48b90', '67eb71f1091911eab9205c93a27933da', '2020-06-06 08:10:25', '127.0.0.1');
INSERT INTO `login_log` VALUES ('a12b0c572116414ba2ef27fe8af157f5', '67eb71f1091911eab9205c93a27933da', '2020-07-12 15:28:40', '127.0.0.1');
INSERT INTO `login_log` VALUES ('a1ae68f3569a4599ac9b778e6d5a9b6c', '67eb71f1091911eab9205c93a27933da', '2020-06-06 08:15:37', '127.0.0.1');
INSERT INTO `login_log` VALUES ('a23f896b92f546659416ec864d043d9c', '67eb71f1091911eab9205c93a27933da', '2020-06-06 08:14:56', '127.0.0.1');
INSERT INTO `login_log` VALUES ('a4ecbee799ee4ea19a4e8fbc6adfce3e', '67eb71f1091911eab9205c93a27933da', '2020-06-06 08:21:38', '127.0.0.1');
INSERT INTO `login_log` VALUES ('a8fc31b224a3474cb4cb6080f4faf084', '67eb71f1091911eab9205c93a27933da', '2020-06-01 13:28:33', '127.0.0.1');
INSERT INTO `login_log` VALUES ('a97729068ac44f10a53cb3941203899c', '67eb71f1091911eab9205c93a27933da', '2020-06-01 15:01:44', '127.0.0.1');
INSERT INTO `login_log` VALUES ('aca5f371332747d884c848d792458c51', '67eb71f1091911eab9205c93a27933da', '2020-06-01 13:38:36', '127.0.0.1');
INSERT INTO `login_log` VALUES ('b431489e617c4c0b88d7e9605dd998bc', '67eb71f1091911eab9205c93a27933da', '2020-06-01 13:17:24', '127.0.0.1');
INSERT INTO `login_log` VALUES ('b813ed83d36e45b8bac09e13e855f1ec', '67eb71f1091911eab9205c93a27933da', '2020-06-01 14:52:36', '127.0.0.1');
INSERT INTO `login_log` VALUES ('cb0d9e25de544cbbb9fa753a7fb7c29f', '67eb71f1091911eab9205c93a27933da', '2020-06-01 13:15:13', '127.0.0.1');
INSERT INTO `login_log` VALUES ('d454a9c4e88b4162a34756933cfb2cd1', 'c54880d2de294167a83c97d7f6b94097', '2020-06-01 15:19:47', '127.0.0.1');
INSERT INTO `login_log` VALUES ('df88551e896047c7b26f05ccba06ec53', '67eb71f1091911eab9205c93a27933da', '2020-05-31 12:09:29', '127.0.0.1');
INSERT INTO `login_log` VALUES ('e29c87b84c9e48628349f7730e91861a', '67eb71f1091911eab9205c93a27933da', '2020-06-01 13:16:07', '127.0.0.1');
INSERT INTO `login_log` VALUES ('e3648290f2b04a7995ab89bbb1e2e06b', '67eb71f1091911eab9205c93a27933da', '2020-06-01 13:25:51', '127.0.0.1');
INSERT INTO `login_log` VALUES ('ed64dd8b9ab44dc4a4895e12f1fb5b98', '67eb71f1091911eab9205c93a27933da', '2020-05-31 14:12:25', '127.0.0.1');
INSERT INTO `login_log` VALUES ('f6e48ee6106f424ebdacb38a9ab1e1b0', '67eb71f1091911eab9205c93a27933da', '2020-05-31 14:29:51', '127.0.0.1');
INSERT INTO `login_log` VALUES ('fb08af03118f4e8299f719db82c67885', '67eb71f1091911eab9205c93a27933da', '2020-08-01 21:21:14', '127.0.0.1');
INSERT INTO `login_log` VALUES ('ffc64e918eec4bb79f1c078646a0ab03', '67eb71f1091911eab9205c93a27933da', '2020-05-31 14:33:55', '127.0.0.1');

-- ----------------------------
-- Table structure for `multi_question`
-- ----------------------------
DROP TABLE IF EXISTS `multi_question`;
CREATE TABLE `multi_question` (
  `id` varchar(32) NOT NULL COMMENT 'id',
  `create_id` varchar(32) DEFAULT NULL COMMENT 'ID',
  `create_time` datetime DEFAULT NULL COMMENT '',
  `update_id` varchar(32) DEFAULT NULL COMMENT 'ID',
  `update_time` datetime DEFAULT NULL COMMENT '',
  `question_content` varchar(255) DEFAULT NULL COMMENT '',
  `choice_A` varchar(255) DEFAULT NULL COMMENT 'A',
  `choice_B` varchar(255) DEFAULT NULL COMMENT 'B',
  `choice_C` varchar(255) DEFAULT NULL COMMENT 'C',
  `choice_D` varchar(255) DEFAULT NULL COMMENT 'D',
  `question_answer` varchar(255) DEFAULT NULL COMMENT '',
  `question_explain` varchar(255) DEFAULT NULL COMMENT '',
  `question_level` int(2) DEFAULT NULL COMMENT '',
  `question_type` int(2) DEFAULT NULL COMMENT '',
  PRIMARY KEY (`id`)
) ENGINE=InnoDB DEFAULT CHARSET=utf8mb4 COLLATE=utf8mb4_0900_ai_ci COMMENT='';

-- ----------------------------
-- Records of multi_question
-- ----------------------------
INSERT INTO `multi_question` VALUES ('0a1ce184ec014d18abcb5a46777a57fc', null, '2020-05-26 13:27:05', null, null, '', 'aaa', 'ggg', 'ddd', 'sss', 'A,B', '', '1', null);
INSERT INTO `multi_question` VALUES ('1', null, null, null, null, '', '1+1=2', '1+1=3', 'C', 'java', 'A,C,D', null, '1', '1');
INSERT INTO `multi_question` VALUES ('2', null, null, null, null, '', '', 'C', 'C++', 'java', 'B,C,D', null, '1', '1');
INSERT INTO `multi_question` VALUES ('61db08f1ef1547b68c7424ba89f6f47b', null, '2020-05-25 16:03:49', null, null, 'aa', 'a', 'b', 'c', 'd', 'A,B,D', 'fdff', '1', null);
INSERT INTO `multi_question` VALUES ('cd126c1ad13244a3a31681897c224a0d', null, '2020-05-26 12:07:09', null, null, '', 'aa', 'bb', 'cc', 'dd', 'B,C', '', '1', null);

-- ----------------------------
-- Table structure for `operate_log`
-- ----------------------------
DROP TABLE IF EXISTS `operate_log`;
CREATE TABLE `operate_log` (
  `id` varchar(32) CHARACTER SET utf8mb4 COLLATE utf8mb4_0900_ai_ci NOT NULL,
  `request_url` varchar(100) CHARACTER SET utf8mb4 COLLATE utf8mb4_0900_ai_ci DEFAULT NULL COMMENT 'rl',
  `remote_addr` varchar(20) CHARACTER SET utf8mb4 COLLATE utf8mb4_0900_ai_ci DEFAULT NULL COMMENT 'p',
  `params` varchar(2000) CHARACTER SET utf8mb4 COLLATE utf8mb4_0900_ai_ci DEFAULT NULL COMMENT '',
  `method` varchar(10) CHARACTER SET utf8mb4 COLLATE utf8mb4_0900_ai_ci DEFAULT NULL COMMENT '',
  `create_time` datetime DEFAULT NULL ON UPDATE CURRENT_TIMESTAMP,
  `user_id` varchar(32) DEFAULT NULL COMMENT 'id',
  `is_success` int(1) DEFAULT NULL COMMENT '10',
  PRIMARY KEY (`id`)
) ENGINE=InnoDB DEFAULT CHARSET=utf8mb4 COLLATE=utf8mb4_0900_ai_ci COMMENT='';

-- ----------------------------
-- Records of operate_log
-- ----------------------------
INSERT INTO `operate_log` VALUES ('01e63b2bb7374ba2b6b2b65b643e1f37', '/question/list', '127.0.0.1', '  startPage: 1  pageSize: 6  content:   questionType: first', 'GET', '2020-06-01 13:52:30', '67eb71f1091911eab9205c93a27933da', '1');
INSERT INTO `operate_log` VALUES ('031d6e3008a74f82acbe5902069e0601', '/paper/list', '127.0.0.1', '  startPage: 1  pageSize: 6  name: ', 'GET', '2020-06-01 13:40:54', '67eb71f1091911eab9205c93a27933da', '1');
INSERT INTO `operate_log` VALUES ('06f48d745891475bbabe36af38de8613', '/user/list', '127.0.0.1', '  startPage: 1  pageSize: 6  username: ', 'GET', '2020-05-31 14:12:37', '67eb71f1091911eab9205c93a27933da', '1');
INSERT INTO `operate_log` VALUES ('08d447a1483b4f779c35096ab0c3cf70', '/examRecord/list', '127.0.0.1', '  startPage: 1  pageSize: 6  name:   userId: c54880d2de294167a83c97d7f6b94097', 'GET', '2020-06-01 15:22:25', 'c54880d2de294167a83c97d7f6b94097', '1');
INSERT INTO `operate_log` VALUES ('0ba5c9fa8f4840e8a180d47426fe1cd9', '/question/list', '127.0.0.1', '  startPage: 1  pageSize: 6  content:   questionType: first', 'GET', '2020-05-31 14:33:34', '67eb71f1091911eab9205c93a27933da', '1');
INSERT INTO `operate_log` VALUES ('0c2e966025584d268181d50c2e2831fb', '/examRecord/list', '127.0.0.1', '  startPage: 1  pageSize: 6  name:   userId: c54880d2de294167a83c97d7f6b94097', 'GET', '2020-06-01 15:19:51', 'c54880d2de294167a83c97d7f6b94097', '1');
INSERT INTO `operate_log` VALUES ('0d6efb724e9c4556bde778c1b2cbc669', '/user/list', '127.0.0.1', '  startPage: 1  pageSize: 6  username: ', 'GET', '2020-07-12 15:42:57', '67eb71f1091911eab9205c93a27933da', '1');
INSERT INTO `operate_log` VALUES ('0e0e457c6e9d4a179402f44cb5a77552', '/examRecord/list', '127.0.0.1', '  startPage: 1  pageSize: 6  name:   userId: 67eb71f1091911eab9205c93a27933da', 'GET', '2020-07-12 15:29:15', '67eb71f1091911eab9205c93a27933da', '1');
INSERT INTO `operate_log` VALUES ('12ed9eade00843e8914a9380daf793be', '/question/list', '127.0.0.1', '  startPage: 1  pageSize: 6  content:   questionType: first', 'GET', '2020-06-01 12:47:35', '67eb71f1091911eab9205c93a27933da', '1');
INSERT INTO `operate_log` VALUES ('13f8b0b33ee54c5595561e5880c44fbf', '/exam/list', '127.0.0.1', '  startPage: 1  pageSize: 6  name: ', 'GET', '2020-05-31 14:13:59', '67eb71f1091911eab9205c93a27933da', '1');
INSERT INTO `operate_log` VALUES ('14fe02b4f5a346eb9d006aae54da5289', '/user/list', '127.0.0.1', '  startPage: 1  pageSize: 6  username: ', 'GET', '2020-06-01 13:17:41', '67eb71f1091911eab9205c93a27933da', '1');
INSERT INTO `operate_log` VALUES ('15011f6b790b48f5ba4e722fa70a77fc', '/user/list', '127.0.0.1', '  startPage: 1  pageSize: 6  username: ', 'GET', '2020-06-01 13:28:52', '67eb71f1091911eab9205c93a27933da', '1');
INSERT INTO `operate_log` VALUES ('166c6b5da7684b6fb4c9f3e8f7b15439', '/question/list', '127.0.0.1', '  startPage: 1  pageSize: 6  content:   questionType: first', 'GET', '2020-06-01 13:40:59', '67eb71f1091911eab9205c93a27933da', '1');
INSERT INTO `operate_log` VALUES ('17a7f15ac5574811828e75cd12b9f61d', '/examRecord/view', '127.0.0.1', '  recordId: 40b3f542231c4f7db79c562ab8f1fb7f', 'GET', '2020-07-12 15:29:21', '67eb71f1091911eab9205c93a27933da', '1');
INSERT INTO `operate_log` VALUES ('1d2a6c19b02448c59a08bbb60dbab262', '/paper/list', '127.0.0.1', '  startPage: 1  pageSize: 6  name: ', 'GET', '2020-06-01 13:51:36', '67eb71f1091911eab9205c93a27933da', '1');
INSERT INTO `operate_log` VALUES ('21f4288cd5a046ba972f9f3b6080837f', '/question/list', '127.0.0.1', '  startPage: 1  pageSize: 6  content:   questionType: first', 'GET', '2020-06-01 13:29:07', '67eb71f1091911eab9205c93a27933da', '1');
INSERT INTO `operate_log` VALUES ('262e2d6fc3d3403391daed875c5116dc', '/exam/list', '127.0.0.1', '  startPage: 1  pageSize: 6  name: ', 'GET', '2020-06-01 15:19:53', 'c54880d2de294167a83c97d7f6b94097', '1');
INSERT INTO `operate_log` VALUES ('26b27ec96c9447fcbaf6b8dcaecdf980', '/question/list', '127.0.0.1', '  startPage: 1  pageSize: 6  content:   questionType: first', 'GET', '2020-06-06 08:24:58', null, '1');
INSERT INTO `operate_log` VALUES ('289c4f1013794616b956562cb3bb16f2', '/question/list', '127.0.0.1', '  startPage: 1  pageSize: 6  content:   questionType: first', 'GET', '2020-08-01 21:21:27', '67eb71f1091911eab9205c93a27933da', '1');
INSERT INTO `operate_log` VALUES ('2c4a75c364d948d68240729dd0f98702', '/paper/list', '127.0.0.1', '  startPage: 1  pageSize: 6  name: ', 'GET', '2020-06-01 15:15:10', null, '1');
INSERT INTO `operate_log` VALUES ('2e95bdd1c6f246bba6d2496b68449916', '/paper/list', '127.0.0.1', '  startPage: 1  pageSize: 6  name: ', 'GET', '2020-06-01 13:51:20', '67eb71f1091911eab9205c93a27933da', '1');
INSERT INTO `operate_log` VALUES ('2f1f04d15b8b49ffb676fc16887e6e7b', '/question/list', '127.0.0.1', '  startPage: 1  pageSize: 6  content:   questionType: first', 'GET', '2020-06-01 13:51:43', '67eb71f1091911eab9205c93a27933da', '1');
INSERT INTO `operate_log` VALUES ('3296d5dd88ec40a5a38b877f92aab8db', '/exam/list', '127.0.0.1', '  startPage: 1  pageSize: 6  name: ', 'GET', '2020-07-12 15:29:07', '67eb71f1091911eab9205c93a27933da', '1');
INSERT INTO `operate_log` VALUES ('3939e0e571aa43a1ac3a78e511fbcd3a', '/exam/list', '127.0.0.1', '  startPage: 1  pageSize: 6  name: ', 'GET', '2020-06-01 15:21:11', 'c54880d2de294167a83c97d7f6b94097', '1');
INSERT INTO `operate_log` VALUES ('3e37ebef293245c985d47242b53141b9', '/paper/update', '127.0.0.1', '  paperDto: com.qxf.dto.PaperDto@766010dd', 'POST', '2020-06-06 08:21:41', '67eb71f1091911eab9205c93a27933da', '1');
INSERT INTO `operate_log` VALUES ('4604db6142a04fe39ebcaa6a52225cb8', '/user/list', '127.0.0.1', '  startPage: 1  pageSize: 6  username: ', 'GET', '2020-08-01 21:21:21', '67eb71f1091911eab9205c93a27933da', '1');
INSERT INTO `operate_log` VALUES ('47ec2d8fd3f248d5aa89f832f9bcb848', '/exam/list', '127.0.0.1', '  startPage: 1  pageSize: 6  name: ', 'GET', '2020-07-12 15:30:13', '67eb71f1091911eab9205c93a27933da', '1');
INSERT INTO `operate_log` VALUES ('4dc13b2a4d8f471e8062f8ebe04f2b1a', '/question/list', '127.0.0.1', '  startPage: 1  pageSize: 6  content:   questionType: first', 'GET', '2020-06-01 13:39:32', '67eb71f1091911eab9205c93a27933da', '1');
INSERT INTO `operate_log` VALUES ('5003855aaf00459a8c87a5782fce6fed', '/paper/list', '127.0.0.1', '  startPage: 1  pageSize: 6  name: ', 'GET', '2020-06-01 13:52:38', '67eb71f1091911eab9205c93a27933da', '1');
INSERT INTO `operate_log` VALUES ('5109bccc89f646abb9b840379bb935b9', '/user/list', '127.0.0.1', '  startPage: 1  pageSize: 6  username: ', 'GET', '2020-05-31 14:33:27', '67eb71f1091911eab9205c93a27933da', '1');
INSERT INTO `operate_log` VALUES ('58ad74bafbee4a68b860fb58fb2278ab', '/user/list', '127.0.0.1', '  startPage: 1  pageSize: 6  username: ', 'GET', '2020-06-01 12:44:55', '67eb71f1091911eab9205c93a27933da', '1');
INSERT INTO `operate_log` VALUES ('665d9da4c84c4817a73840eb192729a8', '/paper/list', '127.0.0.1', '  startPage: 1  pageSize: 6  name: ', 'GET', '2020-05-31 14:33:36', '67eb71f1091911eab9205c93a27933da', '1');
INSERT INTO `operate_log` VALUES ('6778fde02253415e8d55ef1788685509', '/paper/list', '127.0.0.1', '  startPage: 1  pageSize: 6  name: ', 'GET', '2020-05-31 14:29:56', '67eb71f1091911eab9205c93a27933da', '1');
INSERT INTO `operate_log` VALUES ('6baebde8ff3c42faaba0fb558a602793', '/paper/update', '127.0.0.1', '  paperDto: com.qxf.dto.PaperDto@6b703a45', 'POST', '2020-06-06 08:24:36', null, '1');
INSERT INTO `operate_log` VALUES ('7185bec12a3d48b89335a9976480384f', '/paper/list', '127.0.0.1', '  startPage: 1  pageSize: 6  name: ', 'GET', '2020-06-06 08:24:36', null, '1');
INSERT INTO `operate_log` VALUES ('76dd622fc2164179a2126edfdb05db5f', '/exam/list', '127.0.0.1', '  startPage: 1  pageSize: 6  name: ', 'GET', '2020-06-01 15:22:19', 'c54880d2de294167a83c97d7f6b94097', '1');
INSERT INTO `operate_log` VALUES ('781332cf3eab4cefa43f0ed7e8bbde09', '/paper/list', '127.0.0.1', '  startPage: 1  pageSize: 6  name: ', 'GET', '2020-06-06 08:16:01', '67eb71f1091911eab9205c93a27933da', '1');
INSERT INTO `operate_log` VALUES ('78febf6749ad4393b54a4d4d5182ad15', '/paper/list', '127.0.0.1', '  startPage: 1  pageSize: 6  name: ', 'GET', '2020-06-01 13:41:01', '67eb71f1091911eab9205c93a27933da', '1');
INSERT INTO `operate_log` VALUES ('7a09f174c13d4731b260895704afe13b', '/examRecord/list', '127.0.0.1', '  startPage: 1  pageSize: 6  name:   userId: 67eb71f1091911eab9205c93a27933da', 'GET', '2020-06-01 12:47:39', '67eb71f1091911eab9205c93a27933da', '1');
INSERT INTO `operate_log` VALUES ('7aafadfe692a4c968aa2ba0d70b08123', '/paper/list', '127.0.0.1', '  startPage: 1  pageSize: 6  name: ', 'GET', '2020-06-06 08:21:42', '67eb71f1091911eab9205c93a27933da', '1');
INSERT INTO `operate_log` VALUES ('7f51d2d231784755b44ae39a700ba2f3', '/user/list', '127.0.0.1', '  startPage: 1  pageSize: 6  username: ', 'GET', '2020-07-12 15:42:45', '67eb71f1091911eab9205c93a27933da', '1');
INSERT INTO `operate_log` VALUES ('7fd487ac8bae41739d55b51abfa5cef7', '/paper/list', '127.0.0.1', '  startPage: 1  pageSize: 6  name: ', 'GET', '2020-06-06 08:23:22', '67eb71f1091911eab9205c93a27933da', '1');
INSERT INTO `operate_log` VALUES ('81df0c5503bc4dc1b37939afda4c4ae5', '/question/list', '127.0.0.1', '  startPage: 1  pageSize: 6  content:   questionType: first', 'GET', '2020-05-31 14:13:37', '67eb71f1091911eab9205c93a27933da', '1');
INSERT INTO `operate_log` VALUES ('85aaf955693c4d878fa309d86d49e2b4', '/question/list', '127.0.0.1', '  startPage: 1  pageSize: 6  content:   questionType: first', 'GET', '2020-06-01 13:40:26', '67eb71f1091911eab9205c93a27933da', '1');
INSERT INTO `operate_log` VALUES ('879b98031270431c8c565d9d55ae90ec', '/exam/list', '127.0.0.1', '  startPage: 1  pageSize: 6  name: ', 'GET', '2020-06-06 08:25:02', null, '1');
INSERT INTO `operate_log` VALUES ('88f74865d6a34eb4b28538f8e34b640b', '/user/list', '127.0.0.1', '  startPage: 1  pageSize: 6  username: ', 'GET', '2020-06-01 13:40:56', '67eb71f1091911eab9205c93a27933da', '1');
INSERT INTO `operate_log` VALUES ('8989ab8158f142a4bcb6b8cb2cad992b', '/paper/list', '127.0.0.1', '  startPage: 1  pageSize: 6  name: ', 'GET', '2020-07-12 15:29:47', '67eb71f1091911eab9205c93a27933da', '1');
INSERT INTO `operate_log` VALUES ('921813e079db4fb2903576cc010ebf47', '/paper/list', '127.0.0.1', '  startPage: 1  pageSize: 6  name: ', 'GET', '2020-06-01 12:44:28', '67eb71f1091911eab9205c93a27933da', '1');
INSERT INTO `operate_log` VALUES ('925ab6fe2ada4f6eae67c453e041da1b', '/paper/list', '127.0.0.1', '  startPage: 1  pageSize: 6  name: ', 'GET', '2020-06-01 13:46:43', '67eb71f1091911eab9205c93a27933da', '1');
INSERT INTO `operate_log` VALUES ('94bfd29f420c41ca89fd583356bcdce1', '/paper/list', '127.0.0.1', '  startPage: 1  pageSize: 6  name: ', 'GET', '2020-06-01 13:29:11', '67eb71f1091911eab9205c93a27933da', '1');
INSERT INTO `operate_log` VALUES ('97c0b70524d64c3ebbebec15c8532c9d', '/paper/list', '127.0.0.1', '  startPage: 1  pageSize: 6  name: ', 'GET', '2020-05-31 14:13:29', '67eb71f1091911eab9205c93a27933da', '1');
INSERT INTO `operate_log` VALUES ('9af15303325348a1bf2bde58d98cfe17', '/user/list', '127.0.0.1', '  startPage: 1  pageSize: 6  username: ', 'GET', '2020-06-01 13:15:20', '67eb71f1091911eab9205c93a27933da', '1');
INSERT INTO `operate_log` VALUES ('9c88e45636334ca0b657819d554cd361', '/paper/list', '127.0.0.1', '  startPage: 1  pageSize: 6  name: ', 'GET', '2020-06-06 08:10:36', '67eb71f1091911eab9205c93a27933da', '1');
INSERT INTO `operate_log` VALUES ('a164a4f754164b8f9fdfe114d154574f', '/exam/list', '127.0.0.1', '  startPage: 1  pageSize: 6  name: ', 'GET', '2020-05-31 14:33:31', '67eb71f1091911eab9205c93a27933da', '1');
INSERT INTO `operate_log` VALUES ('a84422fc480247c1a8cc2c207e2216fa', '/examRecord/list', '127.0.0.1', '  startPage: 1  pageSize: 6  name:   userId: c54880d2de294167a83c97d7f6b94097', 'GET', '2020-06-01 15:19:55', 'c54880d2de294167a83c97d7f6b94097', '1');
INSERT INTO `operate_log` VALUES ('a9dc4fdaefdf46f1aa1bdbddd88f81c2', '/paper/list', '127.0.0.1', '  startPage: 1  pageSize: 6  name: ', 'GET', '2020-06-01 13:38:39', '67eb71f1091911eab9205c93a27933da', '1');
INSERT INTO `operate_log` VALUES ('aa7bcd7158a44b45a5b6fe5973d86865', '/paper/list', '127.0.0.1', '  startPage: 1  pageSize: 6  name: ', 'GET', '2020-06-01 13:50:03', '67eb71f1091911eab9205c93a27933da', '1');
INSERT INTO `operate_log` VALUES ('ac8c51d97b9e4663a9fc3840fc359158', '/user/list', '127.0.0.1', '  startPage: 1  pageSize: 6  username: ', 'GET', '2020-05-31 14:29:54', '67eb71f1091911eab9205c93a27933da', '1');
INSERT INTO `operate_log` VALUES ('ad21ddd7307944c4a89160662b2656d8', '/paper/list', '127.0.0.1', '  startPage: 1  pageSize: 6  name: ', 'GET', '2020-08-01 21:21:28', '67eb71f1091911eab9205c93a27933da', '1');
INSERT INTO `operate_log` VALUES ('ad5a5e9a7ef04a498271815385293a80', '/exam/detail', '127.0.0.1', '  exam: com.qxf.entity.Exam@1eaf8e09', 'GET', '2020-08-27 23:13:24', '67eb71f1091911eab9205c93a27933da', '1');
INSERT INTO `operate_log` VALUES ('ad9f15a8bf1e490391d02b89031b1c42', '/paper/list', '127.0.0.1', '  startPage: 1  pageSize: 6  name: ', 'GET', '2020-06-01 13:51:48', '67eb71f1091911eab9205c93a27933da', '1');
INSERT INTO `operate_log` VALUES ('b115c9990279464eace15420f3dfdbd8', '/exam/list', '127.0.0.1', '  startPage: 1  pageSize: 6  name: ', 'GET', '2020-08-01 21:21:24', '67eb71f1091911eab9205c93a27933da', '1');
INSERT INTO `operate_log` VALUES ('b751694d2ddc4fe19954b76c0220980e', '/question/list', '127.0.0.1', '  startPage: 1  pageSize: 6  content:   questionType: first', 'GET', '2020-06-01 13:49:56', '67eb71f1091911eab9205c93a27933da', '1');
INSERT INTO `operate_log` VALUES ('b7e3a4afccf44d67adcd9f8ff71432d7', '/paper/list', '127.0.0.1', '  startPage: 1  pageSize: 6  name: ', 'GET', '2020-06-01 13:49:40', '67eb71f1091911eab9205c93a27933da', '1');
INSERT INTO `operate_log` VALUES ('b8582c3732a9424a88b2227f01ff9b6c', '/user/list', '127.0.0.1', '  startPage: 1  pageSize: 6  username: ', 'GET', '2020-07-12 15:42:54', '67eb71f1091911eab9205c93a27933da', '1');
INSERT INTO `operate_log` VALUES ('bc5608b35f974962ad71018bbfb46b6b', '/user/list', '127.0.0.1', '  startPage: 1  pageSize: 6  username: ', 'GET', '2020-08-01 21:21:29', '67eb71f1091911eab9205c93a27933da', '1');
INSERT INTO `operate_log` VALUES ('be645b8b5ad044c797a0d56f4a29bc6b', '/paper/update', '127.0.0.1', '  paperDto: com.qxf.dto.PaperDto@58cc34ce', 'POST', '2020-06-06 08:23:22', '67eb71f1091911eab9205c93a27933da', '1');
INSERT INTO `operate_log` VALUES ('bf188b1e0f3b4beea47fb0a628c85f3f', '/paper/list', '127.0.0.1', '  startPage: 1  pageSize: 6  name: ', 'GET', '2020-06-01 12:47:37', '67eb71f1091911eab9205c93a27933da', '1');
INSERT INTO `operate_log` VALUES ('c674e14af184408aa2d8a8377b66b168', '/question/list', '127.0.0.1', '  startPage: 1  pageSize: 6  content:   questionType: first', 'GET', '2020-07-12 15:30:00', '67eb71f1091911eab9205c93a27933da', '1');
INSERT INTO `operate_log` VALUES ('c9c65ae3eeb54712a3586acbd572f4d9', '/user/update', '127.0.0.1', '  user: com.qxf.entity.User@85195a2', 'POST', '2020-07-12 15:42:54', '67eb71f1091911eab9205c93a27933da', '1');
INSERT INTO `operate_log` VALUES ('cb9c541c4e4b41c3a0a31a5a33ad7d13', '/paper/list', '127.0.0.1', '  startPage: 1  pageSize: 6  name: ', 'GET', '2020-06-01 13:39:46', '67eb71f1091911eab9205c93a27933da', '1');
INSERT INTO `operate_log` VALUES ('cdf5be7d0de549d8b08e44f4db8c09c0', '/question/list', '127.0.0.1', '  startPage: 1  pageSize: 6  content:   questionType: first', 'GET', '2020-06-01 12:44:57', '67eb71f1091911eab9205c93a27933da', '1');
INSERT INTO `operate_log` VALUES ('d3f5833112984e30989726a1a2de109d', '/user/list', '127.0.0.1', '  startPage: 1  pageSize: 6  username: ', 'GET', '2020-06-06 08:24:22', null, '1');
INSERT INTO `operate_log` VALUES ('d405bf20624a4d408f400585bbe5ba6e', '/examRecord/list', '127.0.0.1', '  startPage: 1  pageSize: 6  name:   userId: 67eb71f1091911eab9205c93a27933da', 'GET', '2020-05-31 14:14:03', '67eb71f1091911eab9205c93a27933da', '1');
INSERT INTO `operate_log` VALUES ('d4cc61046b984b97bbc73b5d3f086cb0', '/examRecord/list', '127.0.0.1', '  startPage: 1  pageSize: 6  name:   userId: 67eb71f1091911eab9205c93a27933da', 'GET', '2020-05-31 14:33:32', '67eb71f1091911eab9205c93a27933da', '1');
INSERT INTO `operate_log` VALUES ('d9c49b4dc7084e21abab0da502840d55', '/examRecord/add', '127.0.0.1', '  examRecord: com.qxf.entity.ExamRecord@df9aec3', 'POST', '2020-08-27 23:14:35', '67eb71f1091911eab9205c93a27933da', '1');
INSERT INTO `operate_log` VALUES ('dafcd5f981a6490394433dae95433bd0', '/examRecord/list', '127.0.0.1', '  startPage: 1  pageSize: 6  name:   userId: c54880d2de294167a83c97d7f6b94097', 'GET', '2020-06-01 15:22:11', 'c54880d2de294167a83c97d7f6b94097', '1');
INSERT INTO `operate_log` VALUES ('db1727bee8e94417aaefa387cc35cd54', '/paper/list', '127.0.0.1', '  startPage: 1  pageSize: 6  name: ', 'GET', '2020-06-06 08:14:58', '67eb71f1091911eab9205c93a27933da', '1');
INSERT INTO `operate_log` VALUES ('db7182dc763e4bb8b1a979b0e975f5f5', '/examRecord/view', '127.0.0.1', '  recordId: 1c3464b189a8407b910747569b751d40', 'GET', '2020-08-27 23:14:40', '67eb71f1091911eab9205c93a27933da', '1');
INSERT INTO `operate_log` VALUES ('df367795867f473985e010f94ce0bd75', '/question/list', '127.0.0.1', '  startPage: 1  pageSize: 6  content:   questionType: first', 'GET', '2020-06-01 13:48:15', '67eb71f1091911eab9205c93a27933da', '1');
INSERT INTO `operate_log` VALUES ('e21774bb459947e4b69c0d37d66e2221', '/paper/list', '127.0.0.1', '  startPage: 1  pageSize: 6  name: ', 'GET', '2020-06-06 08:23:20', '67eb71f1091911eab9205c93a27933da', '1');
INSERT INTO `operate_log` VALUES ('e67c70a34a5049cdbb7a03b0bb1a7318', '/examRecord/list', '127.0.0.1', '  startPage: 1  pageSize: 6  name:   userId: 67eb71f1091911eab9205c93a27933da', 'GET', '2020-07-12 15:30:03', '67eb71f1091911eab9205c93a27933da', '1');
INSERT INTO `operate_log` VALUES ('e6f145b386e3491b9091333682cc5fae', '/exam/list', '127.0.0.1', '  startPage: 1  pageSize: 6  name: ', 'GET', '2020-08-27 23:13:15', '67eb71f1091911eab9205c93a27933da', '1');
INSERT INTO `operate_log` VALUES ('ec65f15966b9404397451a81e8a9f45b', '/paper/list', '127.0.0.1', '  startPage: 1  pageSize: 6  name: ', 'GET', '2020-06-06 08:24:24', null, '1');
INSERT INTO `operate_log` VALUES ('eceb31ac84f54add8925b9b6fa495470', '/paper/list', '127.0.0.1', '  startPage: 1  pageSize: 6  name: ', 'GET', '2020-07-12 15:29:35', '67eb71f1091911eab9205c93a27933da', '1');
INSERT INTO `operate_log` VALUES ('f18736145b4d4fb3b4438fee6433fd64', '/user/update', '127.0.0.1', '  user: com.qxf.entity.User@1e3c0bab', 'POST', '2020-07-12 15:42:57', '67eb71f1091911eab9205c93a27933da', '1');
INSERT INTO `operate_log` VALUES ('f2f53a7874244df6bb0e110bec0ba2bd', '/question/list', '127.0.0.1', '  startPage: 1  pageSize: 6  content:   questionType: first', 'GET', '2020-08-27 23:13:02', '67eb71f1091911eab9205c93a27933da', '1');
INSERT INTO `operate_log` VALUES ('f37c63cb0c584a8e9a073d1d0babd9d5', '/examRecord/list', '127.0.0.1', '  startPage: 1  pageSize: 6  name:   userId: 67eb71f1091911eab9205c93a27933da', 'GET', '2020-08-01 21:21:26', '67eb71f1091911eab9205c93a27933da', '1');
INSERT INTO `operate_log` VALUES ('f3ba4a52958d42a0b85aa70bcf681f0c', '/examRecord/list', '127.0.0.1', '  startPage: 1  pageSize: 6  name:   userId: 67eb71f1091911eab9205c93a27933da', 'GET', '2020-08-27 23:14:36', '67eb71f1091911eab9205c93a27933da', '1');
INSERT INTO `operate_log` VALUES ('f59cedb7cf0f411eaebd578eff7da07a', '/paper/list', '127.0.0.1', '  startPage: 1  pageSize: 6  name: ', 'GET', '2020-06-01 13:29:00', '67eb71f1091911eab9205c93a27933da', '1');
INSERT INTO `operate_log` VALUES ('f59d36d82e2d40bda116f31ac38c5a54', '/paper/list', '127.0.0.1', '  startPage: 1  pageSize: 6  name: ', 'GET', '2020-06-06 08:21:40', '67eb71f1091911eab9205c93a27933da', '1');
INSERT INTO `operate_log` VALUES ('f615e6eccd054a7f9aba6700adafbc57', '/user/list', '127.0.0.1', '  startPage: 1  pageSize: 6  username: ', 'GET', '2020-07-12 15:29:45', '67eb71f1091911eab9205c93a27933da', '1');
INSERT INTO `operate_log` VALUES ('f806319c11fe4eae9078f77794fd360d', '/paper/list', '127.0.0.1', '  startPage: 1  pageSize: 6  name: ', 'GET', '2020-05-31 13:12:25', '67eb71f1091911eab9205c93a27933da', '1');
INSERT INTO `operate_log` VALUES ('faebb4ebc204491abe373d901bebaeac', '/paper/list', '127.0.0.1', '  startPage: 1  pageSize: 6  name: ', 'GET', '2020-08-27 23:13:11', '67eb71f1091911eab9205c93a27933da', '1');

-- ----------------------------
-- Table structure for `permission`
-- ----------------------------
DROP TABLE IF EXISTS `permission`;
CREATE TABLE `permission` (
  `id` varchar(32) NOT NULL COMMENT 'id',
  `name` varchar(10) NOT NULL COMMENT '',
  `url` varchar(255) NOT NULL COMMENT '',
  `type` int(1) DEFAULT NULL COMMENT '',
  `parent_id` varchar(32) DEFAULT NULL COMMENT 'id',
  `sort` int(3) DEFAULT NULL COMMENT '',
  PRIMARY KEY (`id`)
) ENGINE=InnoDB DEFAULT CHARSET=utf8mb4 COLLATE=utf8mb4_0900_ai_ci COMMENT='';

-- ----------------------------
-- Records of permission
-- ----------------------------
INSERT INTO `permission` VALUES ('09179d47a21111eabcad5c93a27933da', '', '/multi/add', '1', 'a5be7f34a20d11eabcad5c93a27933da', '13');
INSERT INTO `permission` VALUES ('1b90011ca21211eabcad5c93a27933da', '', '/user/update', '1', 'af552ba1a21111eabcad5c93a27933da', '21');
INSERT INTO `permission` VALUES ('213cedc1a20d11eabcad5c93a27933da', '', '/examRecord/add', '1', '561ce86ea20b11eabcad5c93a27933da', '7');
INSERT INTO `permission` VALUES ('2d58b933a21211eabcad5c93a27933da', '', '/user/delete', '1', 'af552ba1a21111eabcad5c93a27933da', '22');
INSERT INTO `permission` VALUES ('40af7ac1a20c11eabcad5c93a27933da', '', '/exam/answer', '1', '561ce86ea20b11eabcad5c93a27933da', '4');
INSERT INTO `permission` VALUES ('41495156a21111eabcad5c93a27933da', '', '/paper', '0', '0', '14');
INSERT INTO `permission` VALUES ('54b9f00da21111eabcad5c93a27933da', '', '/paper/list', '1', '41495156a21111eabcad5c93a27933da', '15');
INSERT INTO `permission` VALUES ('561ce86ea20b11eabcad5c93a27933da', '', '/exam', '0', '0', '1');
INSERT INTO `permission` VALUES ('77d7fc46a21111eabcad5c93a27933da', '', '/paper/add', '1', '41495156a21111eabcad5c93a27933da', '16');
INSERT INTO `permission` VALUES ('8a40d006a21111eabcad5c93a27933da', '', '/paper/count', '1', '41495156a21111eabcad5c93a27933da', '17');
INSERT INTO `permission` VALUES ('8cfc091ba20c11eabcad5c93a27933da', '', '/examRecord/list', '1', '561ce86ea20b11eabcad5c93a27933da', '5');
INSERT INTO `permission` VALUES ('8e2f2cb6a7cd11ea9e985c93a27933da', '', '/paper/update', '1', '41495156a21111eabcad5c93a27933da', '17');
INSERT INTO `permission` VALUES ('a48b57f7a21011eabcad5c93a27933da', '', '/question/list', '1', 'a5be7f34a20d11eabcad5c93a27933da', '9');
INSERT INTO `permission` VALUES ('a5be7f34a20d11eabcad5c93a27933da', '', '/question', '0', '0', '8');
INSERT INTO `permission` VALUES ('af552ba1a21111eabcad5c93a27933da', '', '/user', '0', '0', '18');
INSERT INTO `permission` VALUES ('b1c98433a20c11eabcad5c93a27933da', '', '/examRecord/view', '1', '561ce86ea20b11eabcad5c93a27933da', '6');
INSERT INTO `permission` VALUES ('c0ba58a8a21211eabcad5c93a27933da', '', '/user/upload', '1', 'af552ba1a21111eabcad5c93a27933da', '23');
INSERT INTO `permission` VALUES ('c536b109a21111eabcad5c93a27933da', '', '/user/list', '1', 'af552ba1a21111eabcad5c93a27933da', '19');
INSERT INTO `permission` VALUES ('c5569835a21011eabcad5c93a27933da', '', '/fill/add', '1', 'a5be7f34a20d11eabcad5c93a27933da', '10');
INSERT INTO `permission` VALUES ('c627418ba20b11eabcad5c93a27933da', '', '/exam/list', '1', '561ce86ea20b11eabcad5c93a27933da', '2');
INSERT INTO `permission` VALUES ('db7a3f41a21111eabcad5c93a27933da', '', '/user/add', '1', 'af552ba1a21111eabcad5c93a27933da', '20');
INSERT INTO `permission` VALUES ('dbe34517a21011eabcad5c93a27933da', '', '/judge/add', '1', 'a5be7f34a20d11eabcad5c93a27933da', '11');
INSERT INTO `permission` VALUES ('e9f431eba20b11eabcad5c93a27933da', '', '/exam/detail', '1', '561ce86ea20b11eabcad5c93a27933da', '3');
INSERT INTO `permission` VALUES ('f5da04a6a21011eabcad5c93a27933da', '', '/single/add', '1', 'a5be7f34a20d11eabcad5c93a27933da', '12');

-- ----------------------------
-- Table structure for `role`
-- ----------------------------
DROP TABLE IF EXISTS `role`;
CREATE TABLE `role` (
  `id` varchar(32) NOT NULL COMMENT 'id',
  `name` varchar(50) CHARACTER SET utf8mb4 COLLATE utf8mb4_0900_ai_ci NOT NULL COMMENT '',
  `description` varchar(255) CHARACTER SET utf8mb4 COLLATE utf8mb4_0900_ai_ci DEFAULT NULL COMMENT '',
  PRIMARY KEY (`id`)
) ENGINE=InnoDB DEFAULT CHARSET=utf8mb4 COLLATE=utf8mb4_0900_ai_ci COMMENT='';

-- ----------------------------
-- Records of role
-- ----------------------------
INSERT INTO `role` VALUES ('1', 'ROLE_ADMIN', '');
INSERT INTO `role` VALUES ('2', 'ROLE_TEACHER', '');
INSERT INTO `role` VALUES ('3', 'ROLE_STUDENT', '');

-- ----------------------------
-- Table structure for `role_permission`
-- ----------------------------
DROP TABLE IF EXISTS `role_permission`;
CREATE TABLE `role_permission` (
  `id` varchar(32) CHARACTER SET utf8mb4 COLLATE utf8mb4_0900_ai_ci NOT NULL COMMENT 'd',
  `role_id` varchar(32) CHARACTER SET utf8mb4 COLLATE utf8mb4_0900_ai_ci DEFAULT NULL COMMENT 'id',
  `permission_id` varchar(32) CHARACTER SET utf8mb4 COLLATE utf8mb4_0900_ai_ci DEFAULT NULL COMMENT 'd',
  PRIMARY KEY (`id`)
) ENGINE=InnoDB DEFAULT CHARSET=utf8mb4 COLLATE=utf8mb4_0900_ai_ci COMMENT='-';

-- ----------------------------
-- Records of role_permission
-- ----------------------------
INSERT INTO `role_permission` VALUES ('b9aac5eea21411eabcad5c93a27933da', '1', '09179d47a21111eabcad5c93a27933da');
INSERT INTO `role_permission` VALUES ('b9aacb9ea21411eabcad5c93a27933da', '1', '1b90011ca21211eabcad5c93a27933da');
INSERT INTO `role_permission` VALUES ('b9aacc93a21411eabcad5c93a27933da', '1', '213cedc1a20d11eabcad5c93a27933da');
INSERT INTO `role_permission` VALUES ('b9aacd02a21411eabcad5c93a27933da', '1', '2d58b933a21211eabcad5c93a27933da');
INSERT INTO `role_permission` VALUES ('b9aacd98a21411eabcad5c93a27933da', '1', '40af7ac1a20c11eabcad5c93a27933da');
INSERT INTO `role_permission` VALUES ('b9aacdfaa21411eabcad5c93a27933da', '1', '41495156a21111eabcad5c93a27933da');
INSERT INTO `role_permission` VALUES ('b9aace4da21411eabcad5c93a27933da', '1', '54b9f00da21111eabcad5c93a27933da');
INSERT INTO `role_permission` VALUES ('b9aacec8a21411eabcad5c93a27933da', '1', '561ce86ea20b11eabcad5c93a27933da');
INSERT INTO `role_permission` VALUES ('b9aacf22a21411eabcad5c93a27933da', '1', '77d7fc46a21111eabcad5c93a27933da');
INSERT INTO `role_permission` VALUES ('b9aacf75a21411eabcad5c93a27933da', '1', '8a40d006a21111eabcad5c93a27933da');
INSERT INTO `role_permission` VALUES ('b9aacfe8a21411eabcad5c93a27933da', '1', '8cfc091ba20c11eabcad5c93a27933da');
INSERT INTO `role_permission` VALUES ('b9aad03ba21411eabcad5c93a27933da', '1', 'a48b57f7a21011eabcad5c93a27933da');
INSERT INTO `role_permission` VALUES ('b9aad08ea21411eabcad5c93a27933da', '1', 'a5be7f34a20d11eabcad5c93a27933da');
INSERT INTO `role_permission` VALUES ('b9aad114a21411eabcad5c93a27933da', '1', 'af552ba1a21111eabcad5c93a27933da');
INSERT INTO `role_permission` VALUES ('b9aad167a21411eabcad5c93a27933da', '1', 'b1c98433a20c11eabcad5c93a27933da');
INSERT INTO `role_permission` VALUES ('b9aad1d1a21411eabcad5c93a27933da', '1', 'c0ba58a8a21211eabcad5c93a27933da');
INSERT INTO `role_permission` VALUES ('b9aad26fa21411eabcad5c93a27933da', '1', 'c536b109a21111eabcad5c93a27933da');
INSERT INTO `role_permission` VALUES ('b9aad2f1a21411eabcad5c93a27933da', '1', 'c5569835a21011eabcad5c93a27933da');
INSERT INTO `role_permission` VALUES ('b9aad34ca21411eabcad5c93a27933da', '1', 'c627418ba20b11eabcad5c93a27933da');
INSERT INTO `role_permission` VALUES ('b9aad3a7a21411eabcad5c93a27933da', '1', 'db7a3f41a21111eabcad5c93a27933da');
INSERT INTO `role_permission` VALUES ('b9aad41da21411eabcad5c93a27933da', '1', 'dbe34517a21011eabcad5c93a27933da');
INSERT INTO `role_permission` VALUES ('b9aad474a21411eabcad5c93a27933da', '1', 'e9f431eba20b11eabcad5c93a27933da');
INSERT INTO `role_permission` VALUES ('b9aad4c7a21411eabcad5c93a27933da', '1', 'f5da04a6a21011eabcad5c93a27933da');
INSERT INTO `role_permission` VALUES ('bd3679b9a7cd11ea9e985c93a27933da', '1', '8e2f2cb6a7cd11ea9e985c93a27933da');
INSERT INTO `role_permission` VALUES ('eb3e66e9a21411eabcad5c93a27933da', '2', '09179d47a21111eabcad5c93a27933da');
INSERT INTO `role_permission` VALUES ('eb3e6c43a21411eabcad5c93a27933da', '2', '213cedc1a20d11eabcad5c93a27933da');
INSERT INTO `role_permission` VALUES ('eb3e6d6fa21411eabcad5c93a27933da', '2', '40af7ac1a20c11eabcad5c93a27933da');
INSERT INTO `role_permission` VALUES ('eb3e6df9a21411eabcad5c93a27933da', '2', '41495156a21111eabcad5c93a27933da');
INSERT INTO `role_permission` VALUES ('eb3e6ea7a21411eabcad5c93a27933da', '2', '54b9f00da21111eabcad5c93a27933da');
INSERT INTO `role_permission` VALUES ('eb3e6f41a21411eabcad5c93a27933da', '2', '561ce86ea20b11eabcad5c93a27933da');
INSERT INTO `role_permission` VALUES ('eb3e701aa21411eabcad5c93a27933da', '2', '77d7fc46a21111eabcad5c93a27933da');
INSERT INTO `role_permission` VALUES ('eb3e70d3a21411eabcad5c93a27933da', '2', '8a40d006a21111eabcad5c93a27933da');
INSERT INTO `role_permission` VALUES ('eb3e71f4a21411eabcad5c93a27933da', '2', '8cfc091ba20c11eabcad5c93a27933da');
INSERT INTO `role_permission` VALUES ('eb3e72a1a21411eabcad5c93a27933da', '2', 'a48b57f7a21011eabcad5c93a27933da');
INSERT INTO `role_permission` VALUES ('eb3e7314a21411eabcad5c93a27933da', '2', 'a5be7f34a20d11eabcad5c93a27933da');
INSERT INTO `role_permission` VALUES ('eb3e7396a21411eabcad5c93a27933da', '2', 'b1c98433a20c11eabcad5c93a27933da');
INSERT INTO `role_permission` VALUES ('eb3e744ca21411eabcad5c93a27933da', '2', 'c5569835a21011eabcad5c93a27933da');
INSERT INTO `role_permission` VALUES ('eb3e74d2a21411eabcad5c93a27933da', '2', 'c627418ba20b11eabcad5c93a27933da');
INSERT INTO `role_permission` VALUES ('eb3e7554a21411eabcad5c93a27933da', '2', 'dbe34517a21011eabcad5c93a27933da');
INSERT INTO `role_permission` VALUES ('eb3e75daa21411eabcad5c93a27933da', '2', 'e9f431eba20b11eabcad5c93a27933da');
INSERT INTO `role_permission` VALUES ('eb3e7651a21411eabcad5c93a27933da', '2', 'f5da04a6a21011eabcad5c93a27933da');
INSERT INTO `role_permission` VALUES ('f03c5848a21411eabcad5c93a27933da', '3', '213cedc1a20d11eabcad5c93a27933da');
INSERT INTO `role_permission` VALUES ('f03c5d18a21411eabcad5c93a27933da', '3', '40af7ac1a20c11eabcad5c93a27933da');
INSERT INTO `role_permission` VALUES ('f03c5dcea21411eabcad5c93a27933da', '3', '561ce86ea20b11eabcad5c93a27933da');
INSERT INTO `role_permission` VALUES ('f03c5e4ca21411eabcad5c93a27933da', '3', '8cfc091ba20c11eabcad5c93a27933da');
INSERT INTO `role_permission` VALUES ('f03c5eeea21411eabcad5c93a27933da', '3', 'b1c98433a20c11eabcad5c93a27933da');
INSERT INTO `role_permission` VALUES ('f03c5f64a21411eabcad5c93a27933da', '3', 'c627418ba20b11eabcad5c93a27933da');
INSERT INTO `role_permission` VALUES ('f03c5fc7a21411eabcad5c93a27933da', '3', 'e9f431eba20b11eabcad5c93a27933da');

-- ----------------------------
-- Table structure for `single_question`
-- ----------------------------
DROP TABLE IF EXISTS `single_question`;
CREATE TABLE `single_question` (
  `id` varchar(32) NOT NULL COMMENT 'id',
  `create_id` varchar(32) DEFAULT NULL COMMENT 'ID',
  `create_time` datetime DEFAULT NULL COMMENT '',
  `update_id` varchar(32) DEFAULT NULL COMMENT 'ID',
  `update_time` datetime DEFAULT NULL COMMENT '',
  `question_content` varchar(255) DEFAULT NULL COMMENT '',
  `choice_A` varchar(255) DEFAULT NULL COMMENT 'A',
  `choice_B` varchar(255) DEFAULT NULL COMMENT 'B',
  `choice_C` varchar(255) DEFAULT NULL COMMENT 'C',
  `choice_D` varchar(255) DEFAULT NULL COMMENT 'D',
  `question_answer` varchar(255) DEFAULT NULL COMMENT '',
  `question_explain` varchar(255) DEFAULT NULL COMMENT '',
  `question_level` int(2) DEFAULT NULL COMMENT '',
  `question_type` int(2) DEFAULT NULL COMMENT '',
  PRIMARY KEY (`id`)
) ENGINE=InnoDB DEFAULT CHARSET=utf8mb4 COLLATE=utf8mb4_0900_ai_ci COMMENT='';

-- ----------------------------
-- Records of single_question
-- ----------------------------
INSERT INTO `single_question` VALUES ('120000', null, '2020-02-16 00:00:00', null, null, 'DNS DHCP', 'IPIP', 'IPMAC', 'IPIP', 'IPMAC', 'C', null, '1', '1');
INSERT INTO `single_question` VALUES ('120001', null, '2020-02-16 00:00:00', null, null, 'HTTP', 'ARP', 'DHCP', 'UDP', 'TCP', 'D', null, '1', '1');
INSERT INTO `single_question` VALUES ('120003', null, '2020-02-16 00:00:00', null, null, 'DNS', 'ipconfig/displaydns', 'nslookup', 'ipconfig/release', 'ipconfig/flushdns', 'A', null, '1', '1');
INSERT INTO `single_question` VALUES ('120004', null, '2020-02-16 00:00:00', null, null, 'DHCP(        )IP255.255.255.255', 'DhcpDisover', 'DhcpOffer', 'DhcpAck', 'DhcpNack', 'A', null, '1', '1');
INSERT INTO `single_question` VALUES ('120005', null, '2020-02-16 00:00:00', null, null, '  DHCPIP', '196.254.109.100', '169.254.12.42', '69.254.48.45', '96.254.54.15', 'B', null, '1', '1');
INSERT INTO `single_question` VALUES ('120006', null, '2020-02-16 00:00:00', null, null, 'DHCP', 'IPDNS', 'IPSMTP', 'FTP', 'IPDNS', 'A', null, '1', '1');
INSERT INTO `single_question` VALUES ('120007', null, '2020-02-16 00:00:00', null, null, 'DNS', '', '', '', '', 'A', null, '1', '1');
INSERT INTO `single_question` VALUES ('120008', null, '2020-02-16 00:00:00', null, null, 'TCP/IP  (well-known port)', '1024', '64', '256', '128', 'A', null, '2', '1');
INSERT INTO `single_question` VALUES ('120009', null, '2020-02-16 00:00:00', null, null, 'InternetTCP/IP ', 'UDP', 'UDP', 'TCP', 'TCP', 'A', null, '2', '1');
INSERT INTO `single_question` VALUES ('120010', null, '2020-02-16 00:00:00', null, null, 'TCP ', '', 'IP', '', 'MAC', 'A', null, '2', '1');
INSERT INTO `single_question` VALUES ('120011', null, '2020-02-16 00:00:00', null, null, ' ', '', '', '', '', 'D', null, '2', '1');
INSERT INTO `single_question` VALUES ('120012', null, '2020-02-16 00:00:00', null, null, '50KB80KBTCP ', '50KB', '80KB', '130KB', '30KB', 'A', null, '2', '1');
INSERT INTO `single_question` VALUES ('120013', null, '2020-02-16 00:00:00', null, null, 'ABSYN=1seq=2000TCPBBBTCP ', 'SYN=0,ACK=0,seq=2001,ack=2001', 'SYN=1,ACK=1,seq=2000,ack=2000', '	C.SYN=1,ACK=1,seq=2001,ack=2001', 'SYN=0,ACK=1,seq=2000,ack=2000', 'C', null, '2', '1');
INSERT INTO `single_question` VALUES ('120014', null, '2020-02-16 00:00:00', null, null, 'ABTCP70100 1', ' 70', '30', '100', '170', 'B', null, '2', '1');
INSERT INTO `single_question` VALUES ('120015', null, '2020-02-16 00:00:00', null, null, 'PCM ', '', '', '', '', 'A', null, '2', '1');
INSERT INTO `single_question` VALUES ('120016', null, '2020-02-16 00:00:00', null, null, '42400bps', '600Baud', '1200Baud', '4800Baud', '9600Baud', 'B', null, '2', '1');
INSERT INTO `single_question` VALUES ('120017', null, '2020-02-16 00:00:00', null, null, '( )', '', 'S=1/T (bps)', ': 1Mbps=1.024106bps', '', 'C', null, '2', '1');
INSERT INTO `single_question` VALUES ('120018', null, '2020-02-16 00:00:00', null, null, '.(  ).', '', '', '', '', 'D', null, '2', '1');
INSERT INTO `single_question` VALUES ('120019', null, '2020-02-16 00:00:00', null, null, '1000BASE-T', '', '', '', '', 'A', null, '2', '1');
INSERT INTO `single_question` VALUES ('120020', null, '2020-02-16 00:00:00', null, null, ' ', '', '', '', '', 'D', null, '2', '1');
INSERT INTO `single_question` VALUES ('120021', null, '2020-02-16 00:00:00', null, null, 'VLAN', 'VLAN', 'VLAN', 'VLAN', 'VLAN', 'D', null, '2', '1');
INSERT INTO `single_question` VALUES ('120022', null, '2020-02-16 00:00:00', null, null, '', '.', '', '', '', 'B', null, '2', '1');
INSERT INTO `single_question` VALUES ('120023', null, '2020-02-16 00:00:00', null, null, 'CSMA/CD  ', '', '', '', '', 'A', null, '2', '1');
INSERT INTO `single_question` VALUES ('120024', null, '2020-02-16 00:00:00', null, null, 'MAC', 'MAC', '', '', 'MAC', 'B', null, '2', '1');
INSERT INTO `single_question` VALUES ('120025', null, '2020-02-16 00:00:00', null, null, 'G (x110100104CRC ', '1101011001', '101011011', '11011011', '1011001', 'B', null, '2', '1');
INSERT INTO `single_question` VALUES ('120026', null, '2020-02-16 00:00:00', null, null, 'Ethernet', 'EthernetMAC', '48Ethernet247', 'EPROM', '', 'C', null, '2', '1');
INSERT INTO `single_question` VALUES ('120027', null, '2020-02-16 00:00:00', null, null, 'HDLC', '', '', '', '', 'B', null, '2', '1');
INSERT INTO `single_question` VALUES ('120028', null, '2020-02-16 00:00:00', null, null, '', '', '', '', '', 'B', null, '2', '1');
INSERT INTO `single_question` VALUES ('120029', null, '2020-02-16 00:00:00', null, null, '', '', '', '', '', 'A', null, '2', '1');
INSERT INTO `single_question` VALUES ('120030', null, '2020-02-16 00:00:00', null, null, 'LAN ', 'MACLLC', 'LLCMHS', 'MACFTAM', 'LLCVT', 'A', null, '2', '1');
INSERT INTO `single_question` VALUES ('120031', null, '2020-02-16 00:00:00', null, null, '', 'A', 'B', 'C', 'D', 'B', '', '1', '1');
INSERT INTO `single_question` VALUES ('120032', null, '2020-02-16 00:00:00', null, null, 'DNS DHCP', 'A', 'B', 'C', 'D', 'B', '', '1', '1');
INSERT INTO `single_question` VALUES ('120033', null, '2020-02-16 00:00:00', null, null, '', '11', '22', '33', '44', 'A', '', '1', '1');
INSERT INTO `single_question` VALUES ('120034', null, '2020-02-16 00:00:00', null, null, '2', '1', '2', '3', '4', 'D', null, '1', '1');
INSERT INTO `single_question` VALUES ('45abc480afe843f5ba695d9db5da7143', null, '2020-05-25 16:16:06', null, null, 'bb', 'fdfd', 'fdfdf', 'dfdf', 'fdf', 'B', '', '2', null);
INSERT INTO `single_question` VALUES ('64b2d4957d0040e4ac3ec7c801834964', null, '2020-05-26 13:26:21', null, null, '', 'aaa', 'ggg', 'ddd', 'sss', 'A', '', '1', null);
INSERT INTO `single_question` VALUES ('837a0f0acef34db59451dbbf5ecdee21', null, '2020-05-25 15:29:21', null, null, '', 'C', 'C++', '', 'Java', 'C', '', '1', null);

-- ----------------------------
-- Table structure for `user`
-- ----------------------------
DROP TABLE IF EXISTS `user`;
CREATE TABLE `user` (
  `id` varchar(32) NOT NULL COMMENT 'id',
  `username` varchar(50) NOT NULL COMMENT '',
  `password` varchar(255) NOT NULL COMMENT '',
  `email` varchar(50) DEFAULT NULL COMMENT '',
  `photo_url` varchar(200) DEFAULT NULL COMMENT '',
  `enable` int(1) DEFAULT NULL COMMENT '10',
  `create_time` datetime DEFAULT NULL,
  `last_login_time` datetime DEFAULT NULL,
  PRIMARY KEY (`id`)
) ENGINE=InnoDB DEFAULT CHARSET=utf8mb4 COLLATE=utf8mb4_0900_ai_ci COMMENT='';

-- ----------------------------
-- Records of user
-- ----------------------------
INSERT INTO `user` VALUES ('62102e2c592344fa8d3bfcee81a5c47c', 'sam', '$2a$10$.3WcqJqovzfGnac9Es8/uuo7kA.TQCUsEEsMUQ33N7iTZmjQqX0HS', 'sam@qq.com', 'http://localhost:8888/api/file/f860578d-9171-4c94-90d0-02994c800fef.jpg', '1', '2020-05-30 13:04:13', null);
INSERT INTO `user` VALUES ('67eb71f1091911eab9205c93a27933da', 'admin', '$2a$10$t37oOKd93ElclkIASbt/eu0Y9kWeH/VMyZ1pOGkfiwBVKQ57rbgEq', 'admin@163.com', 'http://localhost:8888/api/file/56a662aa-c8a3-4eee-83b4-3963327a7c2c.jpg', '1', '2019-11-18 23:17:12', '2020-08-27 23:12:28');
INSERT INTO `user` VALUES ('c115859b93654616bfb4c542bd6fdd06', 'zs', '$2a$10$loGkYXAa942yO0aTIXUvrOhZWVqCNxWW1nPSZCmm.zefW2zx3bgMS', 'zs@qq.com', 'http://localhost:8888/api/file/6724dc33-4ba2-48ae-908d-625bb5af7872.jpg', '0', '2020-05-28 15:42:20', null);
INSERT INTO `user` VALUES ('c54880d2de294167a83c97d7f6b94097', 'qiuxinfa', '$2a$10$/JSpdeT22TET3ea6dRcUw.MhbTnY.yevh71ji5V4xsUs.NOWqSH/i', 'qiuxinfa@qq.com', 'http://localhost:8888/api/file/4297c74d-d735-412e-b205-6c9e09b3f6d2.jpg', '1', '2020-05-28 14:53:48', '2020-06-01 15:19:47');

-- ----------------------------
-- Table structure for `user_role`
-- ----------------------------
DROP TABLE IF EXISTS `user_role`;
CREATE TABLE `user_role` (
  `id` varchar(32) NOT NULL COMMENT 'id',
  `user_id` varchar(32) NOT NULL COMMENT 'id',
  `role_id` varchar(32) NOT NULL COMMENT 'id',
  PRIMARY KEY (`id`)
) ENGINE=InnoDB DEFAULT CHARSET=utf8mb4 COLLATE=utf8mb4_0900_ai_ci COMMENT='-';

-- ----------------------------
-- Records of user_role
-- ----------------------------
INSERT INTO `user_role` VALUES ('226230da091911eab9205c93a27933da', '67eb71f1091911eab9205c93a27933da', '1');
INSERT INTO `user_role` VALUES ('5ad5fa41a0b743bb94379bffd39259e2', '62102e2c592344fa8d3bfcee81a5c47c', '2');
INSERT INTO `user_role` VALUES ('69d762d0fba1405da865aaab9654f366', 'c115859b93654616bfb4c542bd6fdd06', '3');
INSERT INTO `user_role` VALUES ('86fffc22a61644b6b5e47f9decb348b5', 'f9b78cf8b0664fdb93fb1138c84437fe', '2');
INSERT INTO `user_role` VALUES ('cd83f6df1f07441daaff1cc2ef3a666a', 'c54880d2de294167a83c97d7f6b94097', '3');
